"id","observed","predicted","residual","standardized_residual","leverage","cooks_distance","flag_cook","flag_leverage","flag_standardized_residual","influential_any"
1,1,0.887755022958092,0.355579642209865,0.358249918262568,0.0148517793926962,0.0000967429033097955,FALSE,FALSE,FALSE,FALSE
2,1,0.997514308656724,0.0499187880586648,0.0499502584583478,0.00125967259953737,0.000000157344142597326,FALSE,FALSE,FALSE,FALSE
3,1,0.976219621133807,0.156075817568825,0.156714897973811,0.00813933243487845,0.0000100769404263039,FALSE,FALSE,FALSE,FALSE
4,1,0.827637316127184,0.45635371688589,0.465327818735931,0.0381991630738219,0.00042998839553971,FALSE,FALSE,FALSE,FALSE
5,1,0.865995630946737,0.393370355849255,0.398914035366613,0.0276007308467412,0.000225841940180109,FALSE,FALSE,FALSE,FALSE
6,1,0.606302835474451,0.805816848850492,0.831454457574881,0.060718527935817,0.00223445912531182,FALSE,FALSE,FALSE,FALSE
7,1,0.969146257803864,0.178426461025884,0.179329937956498,0.0100507595161751,0.0000163253144727923,FALSE,FALSE,FALSE,FALSE
8,1,0.865232014321952,0.39466360487402,0.39996465198014,0.0263319150836404,0.000216314054383312,FALSE,FALSE,FALSE,FALSE
9,1,0.128853662760863,2.6001426399768,2.62881882530778,0.0216977902973537,0.00766361695700574,TRUE,FALSE,TRUE,TRUE
10,1,0.834141203593993,0.445912315953612,0.453208729681221,0.0319397183237336,0.000338840424730186,FALSE,FALSE,FALSE,FALSE
11,1,0.904645643474298,0.324661672682716,0.329211296734537,0.0274485518575311,0.00015294184149221,FALSE,FALSE,FALSE,FALSE
12,0,0.251887045935259,-0.580255584812388,-0.587335222404676,0.0239623607026428,0.000423452920172965,FALSE,FALSE,FALSE,FALSE
13,1,0.995008585317866,0.0708269290856338,0.0709345880326013,0.00303313945435571,0.000000765416397347075,FALSE,FALSE,FALSE,FALSE
14,0,0.199949054643874,-0.499920396613229,-0.508861366844261,0.0348323608751884,0.000467249799467987,FALSE,FALSE,FALSE,FALSE
15,0,0.179718997453656,-0.468075238064849,-0.478906276533745,0.0447209007118987,0.000536847986185124,FALSE,FALSE,FALSE,FALSE
16,0,0.670059526794127,-1.42507885668995,-1.45878377337996,0.0456757807568457,0.00509262720844576,FALSE,FALSE,FALSE,FALSE
17,1,0.50841011471862,0.983318880749767,1.00998077922882,0.0520999666547799,0.00280331001704522,FALSE,FALSE,FALSE,FALSE
18,1,0.966743596828773,0.185473550693488,0.186292563530439,0.00877343116413879,0.0000153588104609836,FALSE,FALSE,FALSE,FALSE
19,1,0.382940196081997,1.2693989967763,1.30670593778352,0.0562856208368967,0.00509193231257471,FALSE,FALSE,FALSE,FALSE
20,1,0.960071557951243,0.203933879253747,0.204625896015752,0.00675228915291997,0.0000142326133591636,FALSE,FALSE,FALSE,FALSE
21,0,0.523713955886935,-1.04860794867635,-1.07266519948136,0.0443521021035994,0.00267002105396203,FALSE,FALSE,FALSE,FALSE
22,1,0.721041649707712,0.621998743205387,0.629721769306398,0.0243779654873623,0.000495431112015005,FALSE,FALSE,FALSE,FALSE
23,0,0.237890666078418,-0.558701787479576,-0.573336321231754,0.0503988964090517,0.00087230574227639,FALSE,FALSE,FALSE,FALSE
24,0,0.0604465606875962,-0.253644269147058,-0.254890256861025,0.00975276442224873,0.0000319934127947605,FALSE,FALSE,FALSE,FALSE
25,1,0.91917474821294,0.296533996449742,0.299160392253429,0.0174813712920627,0.000079618299188224,FALSE,FALSE,FALSE,FALSE
26,1,0.893322748895839,0.345566561170531,0.349040072748791,0.0198041905634745,0.00012307358193265,FALSE,FALSE,FALSE,FALSE
27,0,0.254643895179231,-0.584500285990002,-0.593418206102203,0.029830263157389,0.000541378617176291,FALSE,FALSE,FALSE,FALSE
28,1,0.381830942127097,1.27238362681097,1.30901650415365,0.0551869147342294,0.00500438212831414,FALSE,FALSE,FALSE,FALSE
29,0,0.261219006110338,-0.594626868748242,-0.612895419882187,0.0587254710537406,0.0011717985559387,FALSE,FALSE,FALSE,FALSE
30,1,0.652238615447394,0.730192595061882,0.742881690344506,0.0338700624849971,0.000967363666112189,FALSE,FALSE,FALSE,FALSE
31,0,0.261866844269589,-0.595624976054041,-0.606794690296513,0.0364766200641499,0.000696956833240476,FALSE,FALSE,FALSE,FALSE
32,1,0.98841467251559,0.108264123808083,0.108546619694915,0.0051982878056612,0.00000307840962222531,FALSE,FALSE,FALSE,FALSE
33,1,0.948188991617556,0.233756431102266,0.235306411623503,0.0131307565579867,0.0000368355926730951,FALSE,FALSE,FALSE,FALSE
34,1,0.702902261460136,0.650132987787552,0.66198042036155,0.0354736053815091,0.000805844983570148,FALSE,FALSE,FALSE,FALSE
35,0,0.324366741287773,-0.692887376093498,-0.706409788735944,0.0379184626703424,0.000983382017949769,FALSE,FALSE,FALSE,FALSE
36,0,0.105002752800456,-0.342522805608896,-0.349950632752103,0.0420001983917696,0.000268453761304167,FALSE,FALSE,FALSE,FALSE
37,0,0.338691684658588,-0.715649340397456,-0.726391741462126,0.0293587255954446,0.000797976763484014,FALSE,FALSE,FALSE,FALSE
38,1,0.989787940301795,0.101574710562336,0.101810801627985,0.00463246185622076,0.0000024120488397729,FALSE,FALSE,FALSE,FALSE
39,0,0.327773687647693,-0.698279495997999,-0.711069971313616,0.0356517376696849,0.000934633797605851,FALSE,FALSE,FALSE,FALSE
40,1,0.449905704071164,1.10575222302635,1.12859183846549,0.0400649888823406,0.00265807364728789,FALSE,FALSE,FALSE,FALSE
41,1,0.999182159151604,0.0286096183043617,0.0286169741931154,0.00051402662642579,0.0000000210584470106462,FALSE,FALSE,FALSE,FALSE
42,1,0.606380907309423,0.805685075241404,0.814656201024272,0.0219030556152523,0.000743090216363797,FALSE,FALSE,FALSE,FALSE
43,1,0.331686502859882,1.4194699937628,1.49408121329489,0.0973819315044237,0.0120418378667121,TRUE,TRUE,FALSE,TRUE
44,0,0.430912574427244,-0.870171968387385,-0.901179133198713,0.0676307891839356,0.0029454305713042,FALSE,TRUE,FALSE,TRUE
45,1,0.88049112573947,0.368415239215381,0.373158770850146,0.0252620734880204,0.000180442336375125,FALSE,FALSE,FALSE,FALSE
47,1,0.647379862107148,0.738029909700559,0.747201060157593,0.024397361203564,0.000698095523030793,FALSE,FALSE,FALSE,FALSE
48,1,0.982108649156822,0.13497141415229,0.13538411361177,0.00608742666049653,0.00000561294741450604,FALSE,FALSE,FALSE,FALSE
49,1,0.906441740350862,0.321270699815894,0.325834989044676,0.0278197317692923,0.000151904827842518,FALSE,FALSE,FALSE,FALSE
50,1,0.825032453061934,0.460514421848428,0.469672262569472,0.0386165417376965,0.000443033496339347,FALSE,FALSE,FALSE,FALSE
51,1,0.716118580914654,0.629616372093063,0.646931118201793,0.0528125357597144,0.00116677513822043,FALSE,FALSE,FALSE,FALSE
52,0,0.741468513283805,-1.69351728951576,-1.74024959867453,0.0529864672585789,0.00847231059800832,TRUE,FALSE,FALSE,TRUE
53,1,0.527343988613133,0.94672880924701,0.985732765180265,0.0775713124001448,0.00408560830256658,FALSE,TRUE,FALSE,TRUE
54,1,0.645614033546203,0.740886662841599,0.757868488583837,0.0443126139283751,0.00133158599677709,FALSE,FALSE,FALSE,FALSE
55,1,0.57616458788843,0.857680110218801,0.888497751867474,0.0681671618196728,0.0028874858989573,FALSE,TRUE,FALSE,TRUE
56,1,0.904140864187078,0.325610728181283,0.33074301460911,0.0307940982428207,0.000173781205823702,FALSE,FALSE,FALSE,FALSE
57,0,0.133364242833329,-0.392284726971432,-0.396801938837119,0.0226384971962237,0.000182351752121412,FALSE,FALSE,FALSE,FALSE
58,0,0.072372603616745,-0.279318894881504,-0.282499277658046,0.0223892987964446,0.0000913859083832302,FALSE,FALSE,FALSE,FALSE
59,0,0.100240911245207,-0.333779286409879,-0.3359916069414,0.0131255485377865,0.0000750727661750904,FALSE,FALSE,FALSE,FALSE
60,0,0.0820954005112268,-0.299061591368505,-0.301869070075602,0.018514142454815,0.0000859462224277861,FALSE,FALSE,FALSE,FALSE
61,1,0.738456834820745,0.59512628248513,0.609275924308776,0.0459080614906242,0.000893093167958605,FALSE,FALSE,FALSE,FALSE
62,0,0.576842472224177,-1.16755562135111,-1.20722245402098,0.0646362192900821,0.00503546996829129,FALSE,FALSE,FALSE,FALSE
63,1,0.99507326213188,0.0703642721250003,0.0704794735920329,0.00326640681337236,0.000000813928929449465,FALSE,FALSE,FALSE,FALSE
64,0,0.0884301215496242,-0.311462042970564,-0.31396751224441,0.0158963734788026,0.000079615321563519,FALSE,FALSE,FALSE,FALSE
65,1,0.862755588569277,0.398844349742908,0.402873465296024,0.0199018720070024,0.000164790321781257,FALSE,FALSE,FALSE,FALSE
66,0,0.122065785772725,-0.372877337068924,-0.378206516091374,0.0279827711862397,0.000205894514814689,FALSE,FALSE,FALSE,FALSE
67,1,0.96020092256731,0.203589531528329,0.205086447003032,0.0145446229314483,0.0000310391221479144,FALSE,FALSE,FALSE,FALSE
68,1,0.882009796340546,0.36575163059775,0.372333626254806,0.0350428646894405,0.000251724857891105,FALSE,FALSE,FALSE,FALSE
69,1,0.419957155795665,1.17524265014003,1.19971995688368,0.040388771182636,0.00302897082125972,FALSE,FALSE,FALSE,FALSE
70,1,0.828636760251981,0.454754216195583,0.459359522989062,0.0199504802799405,0.000214773546049083,FALSE,FALSE,FALSE,FALSE
71,0,0.222440196665516,-0.534859525319379,-0.548262820444461,0.0482960379774353,0.00076270610589826,FALSE,FALSE,FALSE,FALSE
72,1,0.869368081890195,0.387634842111079,0.394161554201787,0.0328427561745691,0.00026379164426793,FALSE,FALSE,FALSE,FALSE
73,1,0.581683213586844,0.848026416083792,0.873825911719347,0.0581777981300472,0.0023583496719459,FALSE,FALSE,FALSE,FALSE
74,1,0.332505887371959,1.41685057280547,1.43604822831827,0.0265580699108468,0.00281316053397482,FALSE,FALSE,FALSE,FALSE
75,0,0.207530908531389,-0.511741016447724,-0.519191910123127,0.0284959370697102,0.000395333993724229,FALSE,FALSE,FALSE,FALSE
76,1,0.983494221516146,0.129548413819214,0.129998587803942,0.00691383707049971,0.00000588273768714417,FALSE,FALSE,FALSE,FALSE
77,1,0.608916675034158,0.801411768816155,0.831070124113754,0.0701003354078636,0.00260333075927331,FALSE,TRUE,FALSE,TRUE
78,1,0.941180793043859,0.249990240559988,0.252402258007812,0.0190211652914037,0.0000617637929242917,FALSE,FALSE,FALSE,FALSE
79,1,0.488702217721529,1.0228567125192,1.05974498619412,0.0684056239336432,0.00412323127917315,FALSE,TRUE,FALSE,TRUE
80,1,0.68851188779249,0.672612628033482,0.68944742778756,0.0482394003393108,0.00120461008266947,FALSE,FALSE,FALSE,FALSE
81,1,0.999890457628496,0.0104668224571496,0.0104674417377738,0.00011832161489746,0.000000000648285916170496,FALSE,FALSE,FALSE,FALSE
82,1,0.404762223531917,1.21267732294509,1.24451907188583,0.0505165485337408,0.00412021034076393,FALSE,FALSE,FALSE,FALSE
83,1,0.636525771283638,0.755664144594095,0.781246118833302,0.0644179385011161,0.00210121593738031,FALSE,FALSE,FALSE,FALSE
84,1,0.75149385460711,0.575050320421358,0.604324517774595,0.0945358265956688,0.00190649463451345,FALSE,TRUE,FALSE,TRUE
85,1,0.132560660885142,2.55806883454427,2.6153473902556,0.0433222209272124,0.0154872317478368,TRUE,FALSE,TRUE,TRUE
86,0,0.889620310135677,-2.83895010585625,-2.86516186681811,0.0182131857225572,0.00761442389290416,TRUE,FALSE,TRUE,TRUE
87,1,0.969534396168776,0.177265118193048,0.17799711303564,0.00820788273850408,0.0000131101123159406,FALSE,FALSE,FALSE,FALSE
88,0,0.245269413009644,-0.570066762446009,-0.584603796325284,0.0491146023929931,0.000882623977321698,FALSE,FALSE,FALSE,FALSE
89,0,0.232597873894197,-0.550543159992167,-0.561514428416224,0.0386956617673943,0.000634589995082576,FALSE,FALSE,FALSE,FALSE
90,0,0.383334418070604,-0.78843165468749,-0.816190774988595,0.0668644372598442,0.00238673290579716,FALSE,TRUE,FALSE,TRUE
91,1,0.830607871878345,0.451594444650682,0.462614896644679,0.0470766808147048,0.000528636457696445,FALSE,FALSE,FALSE,FALSE
92,0,0.8256838718743,-2.17639698374711,-2.19893435583564,0.0203934025905185,0.00503306483804511,FALSE,FALSE,TRUE,TRUE
93,0,0.205778980678716,-0.509014105595734,-0.516826493958351,0.0300036554884067,0.000413108008458048,FALSE,FALSE,FALSE,FALSE
94,0,0.182547192845227,-0.47255921310289,-0.48289232243335,0.0423388527803727,0.000515463387301225,FALSE,FALSE,FALSE,FALSE
95,0,0.539882948209763,-1.08321743403227,-1.10218232409751,0.0341172750277194,0.00214549163630192,FALSE,FALSE,FALSE,FALSE
96,0,0.0546601315714762,-0.240459173118443,-0.242222869371093,0.0145095734399416,0.0000431919218399389,FALSE,FALSE,FALSE,FALSE
97,1,0.873280630642515,0.380929483317903,0.38446492320807,0.0183069205163184,0.000137823418189226,FALSE,FALSE,FALSE,FALSE
98,0,0.244663283833304,-0.569133438110222,-0.582896473083522,0.0466654129765142,0.000831577295834336,FALSE,FALSE,FALSE,FALSE
99,1,0.654075059562117,0.727238969425693,0.739121068050682,0.0318935311669306,0.000899871819162567,FALSE,FALSE,FALSE,FALSE
100,1,0.952976669586497,0.222134266471588,0.223279208898416,0.0102294063616854,0.0000257621709873867,FALSE,FALSE,FALSE,FALSE
101,1,0.99008071817576,0.100093255185546,0.10026345399001,0.00339215018256153,0.00000171082700052482,FALSE,FALSE,FALSE,FALSE
102,0,0.38424792378687,-0.789955854974743,-0.804218146295084,0.0351542056243875,0.00117824911265425,FALSE,FALSE,FALSE,FALSE
103,1,0.919533693832027,0.295817054881748,0.300430207958777,0.0304745335879617,0.000141851864161045,FALSE,FALSE,FALSE,FALSE
104,1,0.994448290363007,0.0747174891445132,0.0748341393869738,0.00311513774762776,0.000000874987392684272,FALSE,FALSE,FALSE,FALSE
105,0,0.972506793539799,-5.94748869494474,-5.96506215645284,0.0058834509237079,0.0105291856394919,TRUE,FALSE,TRUE,TRUE
106,0,0.181687754118241,-0.471197853174031,-0.478019731059059,0.0283385790136663,0.00033321516662596,FALSE,FALSE,FALSE,FALSE
107,1,0.992555693925993,0.0866033452434315,0.0867063884354795,0.00237541811756047,0.000000895045515897903,FALSE,FALSE,FALSE,FALSE
108,1,0.632390352503033,0.762431502304102,0.777473246074859,0.0383196150829494,0.00120429058446934,FALSE,FALSE,FALSE,FALSE
109,1,0.0872345777910697,3.23470930672838,3.25621675097298,0.0131664548839683,0.00707329169000945,TRUE,FALSE,TRUE,TRUE
110,1,0.784355497386909,0.524339678239975,0.530664587052158,0.0236956305831666,0.00034173798578933,FALSE,FALSE,FALSE,FALSE
111,0,0.39148329443723,-0.802084944464532,-0.819341613555823,0.0416796657894024,0.00145986788387604,FALSE,FALSE,FALSE,FALSE
112,0,0.0933258912106087,-0.320830365391294,-0.323212577206606,0.0146865130517763,0.0000778557650812468,FALSE,FALSE,FALSE,FALSE
113,0,0.378668704508524,-0.780671082295575,-0.801768140855521,0.051933950208553,0.00176067969978025,FALSE,FALSE,FALSE,FALSE
114,0,0.235820925240169,-0.555512196886129,-0.563596883341659,0.0284838333004838,0.000465645674941019,FALSE,FALSE,FALSE,FALSE
115,0,0.187521115152595,-0.480417752257031,-0.487022432709662,0.0269387848635446,0.000328326377587835,FALSE,FALSE,FALSE,FALSE
116,1,0.532710098756597,0.936586153244262,0.955306380730345,0.0388080863760716,0.00184233024192315,FALSE,FALSE,FALSE,FALSE
117,1,0.626829823855262,0.771575871414836,0.788817019845901,0.0432362091245354,0.00140593559798018,FALSE,FALSE,FALSE,FALSE
118,0,0.0920130295291054,-0.318335341685543,-0.324050293074518,0.0349609740523663,0.000190210062853371,FALSE,FALSE,FALSE,FALSE
119,0,0.344843924761151,-0.725502483366278,-0.744821223308843,0.0512020877555345,0.00149688363317807,FALSE,FALSE,FALSE,FALSE
120,1,0.0499738719868004,4.36009824081061,4.38513719625881,0.0113873152063365,0.0110746889990836,TRUE,FALSE,TRUE,TRUE
121,0,0.648644763564843,-1.35872085986201,-1.43745176345239,0.106542444059295,0.0123198464081737,TRUE,TRUE,FALSE,TRUE
122,1,0.82506848881675,0.46045694056393,0.469257025873755,0.0371547779307703,0.000424863832257745,FALSE,FALSE,FALSE,FALSE
123,1,0.382096164762965,1.27166906354318,1.33444846216754,0.0918771546299655,0.00900816953580031,TRUE,TRUE,FALSE,TRUE
124,0,0.705523946296708,-1.54785718393302,-1.58121154163424,0.0417433916375841,0.00544572699178314,FALSE,FALSE,FALSE,FALSE
125,0,0.0656342085497502,-0.265037094194289,-0.267118978848021,0.0155269514480615,0.000056268049363404,FALSE,FALSE,FALSE,FALSE
126,0,0.110051448112461,-0.35165389363669,-0.353975859139227,0.013076314538598,0.0000830078337183476,FALSE,FALSE,FALSE,FALSE
127,0,0.666462919983482,-1.41356549194222,-1.45662691732984,0.058250914881652,0.00656196954332336,TRUE,FALSE,FALSE,TRUE
128,0,0.798560710017835,-1.99104867965007,-2.01517239596844,0.0237987810255766,0.00495005224632075,FALSE,FALSE,TRUE,TRUE
129,0,0.0934263869411407,-0.321020849590114,-0.323377253591662,0.0145206169280908,0.0000770418080281952,FALSE,FALSE,FALSE,FALSE
130,0,0.38712011148065,-0.794758500901952,-0.811057328810786,0.0397877154257427,0.00136287132971712,FALSE,FALSE,FALSE,FALSE
131,0,0.207714357519569,-0.51202641376958,-0.517828581056933,0.022284058576253,0.00030557909043592,FALSE,FALSE,FALSE,FALSE
132,0,0.0682449692945156,-0.270635303469418,-0.272313297331471,0.012286024820972,0.0000461198506070188,FALSE,FALSE,FALSE,FALSE
133,0,0.328538341591494,-0.699491466897364,-0.728783537904282,0.0787707183725308,0.00227072313551215,FALSE,TRUE,FALSE,TRUE
134,0,0.431971213605816,-0.872051695126746,-0.910618011220267,0.082909933883047,0.00374832341584625,FALSE,TRUE,FALSE,TRUE
135,0,0.0568535227869497,-0.245521266924703,-0.246718594325635,0.00968246503067958,0.000029756732204286,FALSE,FALSE,FALSE,FALSE
136,1,0.50429196325783,0.991452601152051,1.02760529173941,0.0691252526988584,0.00392074097462144,FALSE,TRUE,FALSE,TRUE
137,1,0.51532861529807,0.969798616808393,0.989583730021132,0.0395870042695981,0.00201822558271307,FALSE,FALSE,FALSE,FALSE
138,1,0.980968581904427,0.139286179438582,0.139757278274891,0.00673030905729446,0.00000661738948681481,FALSE,FALSE,FALSE,FALSE
139,1,0.673518421162678,0.696232996263901,0.70707236140476,0.0304248402548639,0.000784412586430777,FALSE,FALSE,FALSE,FALSE
140,1,0.507464474169592,0.985180843129148,1.02044109208085,0.06791388381518,0.00379357269197227,FALSE,TRUE,FALSE,TRUE
141,0,0.322016947757468,-0.689175683615467,-0.706199421329953,0.0476311618425294,0.00124712710287077,FALSE,FALSE,FALSE,FALSE
142,0,0.312552346034577,-0.674281997100323,-0.694620309480485,0.0577022056691791,0.00147730170317,FALSE,FALSE,FALSE,FALSE
143,0,0.354101567203658,-0.740426253163024,-0.752826042372115,0.0326706838583807,0.000957068776457697,FALSE,FALSE,FALSE,FALSE
144,1,0.907695159472706,0.318890975050848,0.322561038580995,0.022626320645487,0.000120433447886814,FALSE,FALSE,FALSE,FALSE
145,1,0.868262481497929,0.389519515814392,0.396758228721741,0.0361564223027514,0.000295257393929686,FALSE,FALSE,FALSE,FALSE
146,1,0.701767015328519,0.651900571375771,0.659475408734208,0.0228403800271378,0.000508282350296585,FALSE,FALSE,FALSE,FALSE
147,1,0.699100683172542,0.656055736962253,0.667643477568994,0.0344111237052857,0.000794265733372736,FALSE,FALSE,FALSE,FALSE
148,1,0.984448939259825,0.125684988908705,0.126064916560925,0.00601840955954841,0.00000481129386355939,FALSE,FALSE,FALSE,FALSE
149,1,0.817516235964283,0.472458777565484,0.476652663341804,0.0175198247834626,0.000202572279450152,FALSE,FALSE,FALSE,FALSE
150,1,0.787827515957527,0.518954112557983,0.52561462730046,0.0251831431052263,0.000356855005232506,FALSE,FALSE,FALSE,FALSE
151,1,0.495647530997422,1.00874315796258,1.04040245882957,0.0599337430633844,0.0034505289985471,FALSE,FALSE,FALSE,FALSE
152,1,0.24587336032454,1.75132361161486,1.76880606904926,0.0196698343797051,0.00313876485004626,FALSE,FALSE,FALSE,FALSE
153,1,0.657989745227712,0.720958060029139,0.7361805873988,0.0409278487860541,0.00115639542414961,FALSE,FALSE,FALSE,FALSE
154,1,0.804718180789976,0.492616551241318,0.502875539856223,0.0403851163343162,0.000532127116963097,FALSE,FALSE,FALSE,FALSE
155,1,0.466677192878931,1.06902236145892,1.10908931512404,0.0709469000734152,0.00469673367593324,FALSE,TRUE,FALSE,TRUE
156,1,0.473247145089722,1.05501697570012,1.08801369311691,0.0597352109067855,0.00376026935256538,FALSE,FALSE,FALSE,FALSE
157,0,0.698737341635646,-1.52294536896193,-1.56520474522758,0.0532695679115469,0.00689231555345987,TRUE,FALSE,FALSE,TRUE
158,0,0.278698676466747,-0.621597255935866,-0.629675314994803,0.0254932739149663,0.000518613851307752,FALSE,FALSE,FALSE,FALSE
159,0,0.114534793508472,-0.359652404566233,-0.363311059687199,0.0200392095294478,0.000134958153758996,FALSE,FALSE,FALSE,FALSE
160,0,0.505292234300649,-1.01064108174012,-1.02193379221899,0.0219785595680791,0.00117345482569997,FALSE,FALSE,FALSE,FALSE
161,0,0.3951161996348,-0.808214134141015,-0.821582424920191,0.0322780283958349,0.00112571559558137,FALSE,FALSE,FALSE,FALSE
163,0,0.409121029198686,-0.832102131857578,-0.861235301253835,0.0665100994801689,0.00264235779392933,FALSE,TRUE,FALSE,TRUE
164,0,0.789223624240186,-1.93503610184019,-1.98878623578354,0.0533227666725412,0.0111392758161016,TRUE,FALSE,FALSE,TRUE
165,0,0.83298458259032,-2.23326469318857,-2.29085196437926,0.0496439401090202,0.0137070485396598,TRUE,FALSE,TRUE,TRUE
166,0,0.207161326167539,-0.51116596336237,-0.518930655206397,0.029701852184086,0.000412161088360558,FALSE,FALSE,FALSE,FALSE
167,0,0.476282197956005,-0.953637907888172,-0.984309192731576,0.0613494685825956,0.00316621178729866,FALSE,FALSE,FALSE,FALSE
168,1,0.683981342772176,0.679726550403142,0.697225258304971,0.0495653867045768,0.00126757154876412,FALSE,FALSE,FALSE,FALSE
169,0,0.0254302252190026,-0.161535743216982,-0.162043654807544,0.00625899963870394,0.00000826924352844545,FALSE,FALSE,FALSE,FALSE
170,1,0.985422893442667,0.121625416475186,0.121979238804971,0.00579293937493989,0.00000433474927362495,FALSE,FALSE,FALSE,FALSE
171,0,0.509253925602222,-1.01868233615478,-1.0389166566492,0.0385734021217664,0.00216522600691963,FALSE,FALSE,FALSE,FALSE
172,0,0.235493773535853,-0.555007946106263,-0.561679009645259,0.0236129437018762,0.000381482404284907,FALSE,FALSE,FALSE,FALSE
173,0,0.420381582535899,-0.851629608297243,-0.873131055476643,0.0486449385860643,0.0019490541341171,FALSE,FALSE,FALSE,FALSE
174,1,0.999986089923119,0.00372964748661075,0.00372967666935218,0.0000156488778228119,0.000000000010884346731508,FALSE,FALSE,FALSE,FALSE
175,1,0.937826346984892,0.257479097265868,0.260533559821675,0.0233102982298184,0.0000810006628328419,FALSE,FALSE,FALSE,FALSE
176,1,0.181923942461515,2.12056657533167,2.16673069272646,0.0421578314592202,0.0103315191630439,TRUE,FALSE,TRUE,TRUE
177,0,0.0615516571278703,-0.256103013650681,-0.25850236524867,0.018477328186272,0.000062898151701067,FALSE,FALSE,FALSE,FALSE
178,1,0.769032260758856,0.548028800259633,0.561665121245919,0.0479673263097742,0.00079472810799263,FALSE,FALSE,FALSE,FALSE
179,0,0.487243613266271,-0.974804529092845,-0.999405893976916,0.0486260318495359,0.00255253310484702,FALSE,FALSE,FALSE,FALSE
180,0,0.367706271195322,-0.762589956444372,-0.785728432573739,0.0580296682116237,0.00190163781575471,FALSE,FALSE,FALSE,FALSE
181,0,0.229766902105993,-0.546176042069617,-0.554740782777624,0.0306399842999487,0.000486355275294164,FALSE,FALSE,FALSE,FALSE
182,0,0.364282695546796,-0.756984965654711,-0.773074091174281,0.0411906264182868,0.00128374382311867,FALSE,FALSE,FALSE,FALSE
183,1,0.971975006723015,0.169802941674011,0.170427868605479,0.00732017822938167,0.0000107093642681035,FALSE,FALSE,FALSE,FALSE
184,0,0.469983116680134,-0.941664669808985,-0.964634865206965,0.0470576160564946,0.00229751942741752,FALSE,FALSE,FALSE,FALSE
185,0,0.333897598118556,-0.708004711325651,-0.718110730633337,0.0279480797154816,0.000741336439477809,FALSE,FALSE,FALSE,FALSE
186,1,0.829995216624383,0.452577309027115,0.458300942736727,0.0248216509734372,0.000267311793394149,FALSE,FALSE,FALSE,FALSE
187,1,0.140119405804783,2.47725053264781,2.51303237810042,0.028274291742013,0.00918785673568914,TRUE,FALSE,TRUE,TRUE
188,1,0.85434264105812,0.412905030552918,0.416387159533103,0.0166555037396979,0.000146830656963108,FALSE,FALSE,FALSE,FALSE
189,1,0.918786564396663,0.297308019302008,0.301027454977021,0.0245589384506005,0.000114075078258676,FALSE,FALSE,FALSE,FALSE
190,1,0.903288219275536,0.327209961576132,0.329181002337132,0.0119395696329253,0.000065470355115039,FALSE,FALSE,FALSE,FALSE
191,1,0.689640128317655,0.6708439691181,0.680314230262932,0.0276470657555825,0.000657982330565121,FALSE,FALSE,FALSE,FALSE
192,1,0.2643402827602,1.6682334030751,1.68974225207889,0.0252961126409117,0.00370503248534372,FALSE,FALSE,FALSE,FALSE
193,1,0.457419491504213,1.0891175611092,1.10867551009585,0.0349704483360882,0.0022270988849882,FALSE,FALSE,FALSE,FALSE
194,1,0.909454870986102,0.315530953079901,0.317317918642777,0.0112312216795355,0.0000571862282198182,FALSE,FALSE,FALSE,FALSE
195,1,0.62675667329141,0.77169652117768,0.780643223072135,0.0227900121064632,0.000710610877026242,FALSE,FALSE,FALSE,FALSE
196,1,0.735270198736506,0.600036867080794,0.610110409004457,0.0327494157676791,0.000630160866179596,FALSE,FALSE,FALSE,FALSE
197,1,0.407820018506804,1.20501538289883,1.26387250307461,0.0909690892236555,0.00799266720650618,TRUE,TRUE,FALSE,TRUE
198,1,0.796157664809335,0.505996662967906,0.517824127452977,0.0451596984122336,0.000634095775892821,FALSE,FALSE,FALSE,FALSE
199,0,0.815890816934227,-2.1051269786025,-2.12798610288759,0.0213688861026324,0.00494390872456773,FALSE,FALSE,TRUE,TRUE
200,1,0.713341757822145,0.633918451345079,0.645199688865228,0.0346640340505923,0.000747410024335467,FALSE,FALSE,FALSE,FALSE
201,1,0.165280684174084,2.24729031809213,2.2848464789689,0.0326039449622472,0.00879730994247717,TRUE,FALSE,TRUE,TRUE
202,0,0.766133746603892,-1.80995808323589,-1.8400520776289,0.0324424526736093,0.0056763231096178,FALSE,FALSE,FALSE,FALSE
203,1,0.683190741300843,0.68096994828558,0.687721430797898,0.0195379755944581,0.000471241908438324,FALSE,FALSE,FALSE,FALSE
204,1,0.186036855202797,2.09171675774648,2.14153695938682,0.0459863172754836,0.0110533820217326,TRUE,FALSE,TRUE,TRUE
205,1,0.991527963412448,0.0924360604475758,0.0926237759376851,0.00404918223002063,0.00000174399163426505,FALSE,FALSE,FALSE,FALSE
206,1,0.33500142778445,1.40892224923985,1.46537193705643,0.0755608823178182,0.00877575420630467,TRUE,TRUE,FALSE,TRUE
207,1,0.511850416105907,0.976573491361394,0.989818034390701,0.0265825260321237,0.00133775886871687,FALSE,FALSE,FALSE,FALSE
208,1,0.307879518367291,1.4993411185052,1.52441779194355,0.032629398481829,0.00391917092759562,FALSE,FALSE,FALSE,FALSE
209,1,0.902100084552566,0.329430493303865,0.334153156288235,0.0280667092802779,0.000161218983282355,FALSE,FALSE,FALSE,FALSE
210,1,0.828636760251981,0.454754216195583,0.459359522989062,0.0199504802799405,0.000214773546049083,FALSE,FALSE,FALSE,FALSE
211,0,0.542758175052643,-1.08950746949945,-1.11414034770108,0.0437298052061966,0.00283822441481088,FALSE,FALSE,FALSE,FALSE
212,1,0.99501201136455,0.070802495644621,0.0708822621134977,0.00224940865033278,0.000000566358612963686,FALSE,FALSE,FALSE,FALSE
213,0,0.0767893822098327,-0.288403277468638,-0.290851402704657,0.0167633517069679,0.0000721132599703314,FALSE,FALSE,FALSE,FALSE
214,1,0.753763238207491,0.571556238329325,0.585893192292345,0.0483417104425167,0.000871862273645692,FALSE,FALSE,FALSE,FALSE
215,0,0.211050477965836,-0.517211962830267,-0.523309275767726,0.0231671477784645,0.000324742538878367,FALSE,FALSE,FALSE,FALSE
216,0,0.241973447044684,-0.564991151474153,-0.575880968845561,0.0374620992850978,0.000645371419929822,FALSE,FALSE,FALSE,FALSE
217,1,0.977860980816997,0.150466780918177,0.150955490458893,0.00646440159288052,0.00000741331966576909,FALSE,FALSE,FALSE,FALSE
218,0,0.56852062322111,-1.14787101691376,-1.19040858866283,0.0701902894267622,0.0053486608797775,FALSE,TRUE,FALSE,TRUE
219,1,0.982354122566297,0.134025548465753,0.134640516377084,0.00911409880055385,0.00000833703499777063,FALSE,FALSE,FALSE,FALSE
220,1,0.946244925101989,0.238346047278278,0.239503798784743,0.00964455053120322,0.0000279309504198756,FALSE,FALSE,FALSE,FALSE
221,1,0.185944453373243,2.09235516705565,2.1223799468791,0.0280933706813822,0.00651021867701349,TRUE,FALSE,TRUE,TRUE
222,1,0.868265565817201,0.389514264120249,0.394906829841036,0.0271241052439565,0.000217398864786283,FALSE,FALSE,FALSE,FALSE
223,0,0.576213226771036,-1.16605198510775,-1.19256188276274,0.0439645923466263,0.00327009919006817,FALSE,FALSE,FALSE,FALSE
224,1,0.982561182504981,0.133222848401758,0.133735058195479,0.00764539844984043,0.00000688959642333249,FALSE,FALSE,FALSE,FALSE
225,0,0.51068803421852,-1.02160950033946,-1.04117733656659,0.0372346901246469,0.0020962676252472,FALSE,FALSE,FALSE,FALSE
226,1,0.960071557951243,0.203933879253747,0.204625896015752,0.00675228915291997,0.0000142326133591636,FALSE,FALSE,FALSE,FALSE
227,1,0.565072708445064,0.877316230455795,0.920466951313335,0.0915606713413752,0.00426972048609157,FALSE,TRUE,FALSE,TRUE
228,0,0.338758829730765,-0.71575661266391,-0.730218296330469,0.0392169842487503,0.00108823903945193,FALSE,FALSE,FALSE,FALSE
229,0,0.0878531982175247,-0.310346190114611,-0.313481754662505,0.0199047181716606,0.0000997889095016995,FALSE,FALSE,FALSE,FALSE
230,0,0.914460076151617,-3.26962499833281,-3.28854325879853,0.0114724622433533,0.00627545164538417,FALSE,FALSE,TRUE,TRUE
231,0,0.202939512054396,-0.504588868537772,-0.511494807919145,0.0268206795350963,0.000360520005329656,FALSE,FALSE,FALSE,FALSE
232,0,0.16461879012889,-0.443912476625604,-0.449323998755237,0.0239423435111925,0.000247616978432773,FALSE,FALSE,FALSE,FALSE
233,0,0.492546172527503,-0.985201825866414,-1.0057509674675,0.0404458279001858,0.00213184268595148,FALSE,FALSE,FALSE,FALSE
234,1,0.129754519151421,2.58976073545324,2.61145208798879,0.0165434899802722,0.00573595984246563,FALSE,FALSE,TRUE,TRUE
235,0,0.737199209427225,-1.67486226033686,-1.72145600954937,0.0534003595103003,0.00835871866753972,TRUE,FALSE,FALSE,TRUE
236,0,0.222313531392721,-0.534663672868744,-0.541676892450729,0.025726844796111,0.000387397142642368,FALSE,FALSE,FALSE,FALSE
237,0,0.343181454564115,-0.722835048003972,-0.749241662970342,0.0692467406881017,0.00208823136093008,FALSE,TRUE,FALSE,TRUE
238,0,0.179649276007063,-0.467964547689134,-0.473384931440538,0.0227694249372098,0.00026106814252815,FALSE,FALSE,FALSE,FALSE
239,0,0.160388088870172,-0.437065735646674,-0.443758214308141,0.0299352782559211,0.000303840318972876,FALSE,FALSE,FALSE,FALSE
240,0,0.37772001213342,-0.77909798333643,-0.786400367347076,0.0184854431562859,0.000582358664220259,FALSE,FALSE,FALSE,FALSE
241,0,0.659754161594692,-1.392498250391,-1.41465653321043,0.0310813906530808,0.00320985318131542,FALSE,FALSE,FALSE,FALSE
242,0,0.611321904809858,-1.25412246088834,-1.29127075327577,0.0567099295814564,0.00501208558883652,FALSE,FALSE,FALSE,FALSE
243,0,0.132083934810988,-0.390109148797317,-0.396889009271306,0.0338732078730138,0.000276140655060663,FALSE,FALSE,FALSE,FALSE
244,1,0.846473896302185,0.425877140313934,0.430153154970965,0.0197825419258332,0.000186713573572324,FALSE,FALSE,FALSE,FALSE
245,0,0.81011001219574,-2.06547986906208,-2.11226013482115,0.0438035479385074,0.0102194369803715,TRUE,FALSE,TRUE,TRUE
246,0,0.0481642145482754,-0.224947528972342,-0.226121879571008,0.0103599098037028,0.0000267629431755009,FALSE,FALSE,FALSE,FALSE
247,0,0.0747117411589927,-0.284155393163804,-0.285734074958706,0.0110194815499216,0.000045484926732485,FALSE,FALSE,FALSE,FALSE
249,0,0.18017241180472,-0.468794903561494,-0.473173473384196,0.0184216201733394,0.000210093987092628,FALSE,FALSE,FALSE,FALSE
250,0,0.358590379404879,-0.747707233300155,-0.759537676572334,0.0309090886262857,0.000920005295388147,FALSE,FALSE,FALSE,FALSE
251,1,0.991747632942332,0.0912197089187618,0.0913356903913182,0.00253806224611717,0.00000106134596387681,FALSE,FALSE,FALSE,FALSE
252,0,0.383969431782195,-0.78949101918289,-0.801495339937289,0.0297304884272254,0.000984196161115749,FALSE,FALSE,FALSE,FALSE
253,0,0.0420390434197188,-0.209484795977601,-0.210760219516321,0.0120664554672323,0.0000271268440957854,FALSE,FALSE,FALSE,FALSE
254,0,0.322018390804897,-0.689177961245575,-0.699348189865279,0.0288733961128189,0.000727074530998855,FALSE,FALSE,FALSE,FALSE
255,0,0.57901143112146,-1.17275803500015,-1.20909208842396,0.0591983390679038,0.00459938971335631,FALSE,FALSE,FALSE,FALSE
256,0,0.081301860031987,-0.297484143712231,-0.301333332979734,0.0253845449538075,0.000118249807785312,FALSE,FALSE,FALSE,FALSE
257,0,0.0645614808151256,-0.262711519844722,-0.264826515549557,0.0159089066941054,0.0000566888922471554,FALSE,FALSE,FALSE,FALSE
258,1,0.911621070344439,0.311363135130714,0.315331725690106,0.0250124995111305,0.000127544984270336,FALSE,FALSE,FALSE,FALSE
259,0,0.0209618208087101,-0.146323704591349,-0.146819230622829,0.00673876045288562,0.00000731227342612938,FALSE,FALSE,FALSE,FALSE
260,0,0.255318117491468,-0.58553845551874,-0.593135192189846,0.025451492874353,0.000459395979643067,FALSE,FALSE,FALSE,FALSE
261,0,0.0855900499612506,-0.305943456082808,-0.309057066352586,0.0200475996111622,0.000097702293591693,FALSE,FALSE,FALSE,FALSE
262,0,0.590649749840717,-1.20120597038273,-1.21906985245838,0.0290926661320569,0.00222655244128963,FALSE,FALSE,FALSE,FALSE
263,0,0.119171033312327,-0.367823572678098,-0.372252138531773,0.0236518358121468,0.000167843508290099,FALSE,FALSE,FALSE,FALSE
264,0,0.296699773618434,-0.64951356976937,-0.671997441007912,0.0657970824943853,0.00159026924717637,FALSE,TRUE,FALSE,TRUE
265,0,0.0462947561530785,-0.220322481880778,-0.221991795401153,0.0149828703542936,0.0000374796123386925,FALSE,FALSE,FALSE,FALSE
266,1,0.838956376038812,0.438129078310018,0.4500763521204,0.0523853501853042,0.00055991290759885,FALSE,FALSE,FALSE,FALSE
267,0,0.154239670604966,-0.427045735405437,-0.433007549001672,0.0273471968081997,0.000263582099781073,FALSE,FALSE,FALSE,FALSE
268,1,0.142552504263498,2.45254137398683,2.47411612445309,0.0173643284934004,0.0054084850185931,FALSE,FALSE,TRUE,TRUE
269,1,0.882009796340546,0.36575163059775,0.372333626254806,0.0350428646894405,0.000251724857891105,FALSE,FALSE,FALSE,FALSE
270,0,0.237890666078418,-0.558701787479576,-0.573336321231754,0.0503988964090517,0.00087230574227639,FALSE,FALSE,FALSE,FALSE
271,1,0.865995630946737,0.393370355849255,0.398914035366613,0.0276007308467411,0.000225841940180108,FALSE,FALSE,FALSE,FALSE
272,0,0.207714357519569,-0.51202641376958,-0.517828581056933,0.022284058576253,0.00030557909043592,FALSE,FALSE,FALSE,FALSE
273,0,0.261219006110338,-0.594626868748242,-0.612895419882187,0.0587254710537406,0.0011717985559387,FALSE,FALSE,FALSE,FALSE
274,1,0.191319327668107,2.05593371596044,2.08903095443506,0.0314356787469332,0.00708197076614657,TRUE,FALSE,TRUE,TRUE
276,0,0.161829433087834,-0.43940253011938,-0.448638024385318,0.0407474826336693,0.000427493975807646,FALSE,FALSE,FALSE,FALSE
277,1,0.829995216624383,0.452577309027115,0.458300942736727,0.0248216509734372,0.000267311793394149,FALSE,FALSE,FALSE,FALSE
278,0,0.00655661182701175,-0.0812396744771463,-0.0813940898246866,0.00379066526106971,0.00000126043535031913,FALSE,FALSE,FALSE,FALSE
279,0,0.072372603616745,-0.279318894881504,-0.282499277658046,0.0223892987964446,0.0000913859083832302,FALSE,FALSE,FALSE,FALSE
280,0,0.327773687647693,-0.698279495997999,-0.711069971313616,0.0356517376696849,0.000934633797605851,FALSE,FALSE,FALSE,FALSE
281,1,0.466677192878931,1.06902236145892,1.10908931512404,0.0709469000734152,0.00469673367593324,FALSE,TRUE,FALSE,TRUE
282,1,0.549466831342582,0.905508735164358,0.932482228609192,0.0570163539445917,0.00262873260954182,FALSE,FALSE,FALSE,FALSE
283,1,0.165280684174084,2.24729031809213,2.2848464789689,0.0326039449622472,0.00879730994247717,TRUE,FALSE,TRUE,TRUE
284,1,0.906441740350862,0.321270699815894,0.325834989044676,0.0278197317692923,0.000151904827842518,FALSE,FALSE,FALSE,FALSE
285,1,0.332505887371959,1.41685057280547,1.43604822831827,0.0265580699108468,0.00281316053397482,FALSE,FALSE,FALSE,FALSE
286,1,0.821355702488541,0.466368211532999,0.480745635284274,0.05891861905414,0.000723479254403352,FALSE,FALSE,FALSE,FALSE
287,1,0.394293537609553,1.23942791712289,1.26387062176755,0.0383051059546302,0.003181226561686,FALSE,FALSE,FALSE,FALSE
288,0,0.590649749840717,-1.20120597038273,-1.21906985245838,0.0290926661320569,0.00222655244128963,FALSE,FALSE,FALSE,FALSE
289,0,0.199949054643874,-0.499920396613229,-0.508861366844261,0.0348323608751884,0.000467249799467987,FALSE,FALSE,FALSE,FALSE
290,1,0.57616458788843,0.857680110218801,0.888497751867474,0.0681671618196728,0.0028874858989573,FALSE,TRUE,FALSE,TRUE
291,1,0.987823769061665,0.111023957079788,0.11131091995164,0.00514941341881768,0.0000032066048754599,FALSE,FALSE,FALSE,FALSE
292,0,0.0723413944667479,-0.279253965634615,-0.281062799716851,0.012829969195649,0.0000513346247550627,FALSE,FALSE,FALSE,FALSE
293,0,0.128853662760863,-0.384594285184648,-0.388835859023571,0.0216977902973538,0.00016766603577971,FALSE,FALSE,FALSE,FALSE
294,1,0.608916675034158,0.801411768816155,0.831070124113754,0.0701003354078636,0.00260333075927331,FALSE,TRUE,FALSE,TRUE
295,1,0.713341757822145,0.633918451345079,0.645199688865228,0.0346640340505923,0.000747410024335467,FALSE,FALSE,FALSE,FALSE
296,0,0.154091845349096,-0.426803745751598,-0.4315463906626,0.021858991077621,0.000208091158084025,FALSE,FALSE,FALSE,FALSE
299,1,0.585592812710459,0.841231972833166,0.857633302164911,0.0378821583937622,0.00144803721854852,FALSE,FALSE,FALSE,FALSE
300,1,0.936369188144351,0.260681478153475,0.262669109610757,0.0150768486060253,0.0000528075764060826,FALSE,FALSE,FALSE,FALSE
301,0,0.815890816934227,-2.1051269786025,-2.12798610288759,0.0213688861026324,0.00494390872456773,FALSE,FALSE,TRUE,TRUE
302,1,0.689640128317655,0.6708439691181,0.680314230262932,0.0276470657555825,0.000657982330565121,FALSE,FALSE,FALSE,FALSE
303,1,0.633808697535113,0.760107320557893,0.773967185827334,0.0354944429777396,0.00110222620372589,FALSE,FALSE,FALSE,FALSE
304,1,0.0499738719868004,4.36009824081061,4.38513719625881,0.0113873152063365,0.0110746889990836,TRUE,FALSE,TRUE,TRUE
305,1,0.818639000273182,0.470679989591459,0.478813904814933,0.0336866876931098,0.000399616912234737,FALSE,FALSE,FALSE,FALSE
306,1,0.98841467251559,0.108264123808083,0.108546619694915,0.0051982878056612,0.00000307840962222531,FALSE,FALSE,FALSE,FALSE
307,0,0.179718997453656,-0.468075238064849,-0.478906276533745,0.0447209007118986,0.000536847986185123,FALSE,FALSE,FALSE,FALSE
308,1,0.112491672812971,2.80883372383872,2.86001708619452,0.0354720742270002,0.0150410805844932,TRUE,FALSE,TRUE,TRUE
310,1,0.985422893442667,0.121625416475186,0.121979238804971,0.00579293937493989,0.00000433474927362495,FALSE,FALSE,FALSE,FALSE
311,1,0.99363267370369,0.0800507897790359,0.0801627647787156,0.0027917398832166,0.00000089950682509348,FALSE,FALSE,FALSE,FALSE
312,0,0.363099192593266,-0.75505179067873,-0.777147049141914,0.0560541550778653,0.00179323472659709,FALSE,FALSE,FALSE,FALSE
313,0,0.670059526794127,-1.42507885668995,-1.45878377337996,0.0456757807568457,0.00509262720844576,FALSE,FALSE,FALSE,FALSE
314,1,0.918786564396663,0.297308019302008,0.301027454977021,0.0245589384506005,0.000114075078258676,FALSE,FALSE,FALSE,FALSE
315,0,0.359767124280117,-0.74962101262037,-0.765166574462869,0.0402203810057001,0.00122675162335324,FALSE,FALSE,FALSE,FALSE
316,0,0.222313531392721,-0.534663672868744,-0.541676892450729,0.025726844796111,0.000387397142642368,FALSE,FALSE,FALSE,FALSE
317,0,0.0158613381030968,-0.126952648223827,-0.127363267417537,0.00643760613010335,0.00000525518059422653,FALSE,FALSE,FALSE,FALSE
318,0,0.181687754118241,-0.471197853174031,-0.478019731059059,0.0283385790136663,0.00033321516662596,FALSE,FALSE,FALSE,FALSE
320,0,0.741468513283805,-1.69351728951576,-1.74024959867453,0.0529864672585789,0.00847231059800832,TRUE,FALSE,FALSE,TRUE
321,1,0.952976669586497,0.222134266471588,0.223279208898416,0.0102294063616854,0.0000257621709873867,FALSE,FALSE,FALSE,FALSE
322,0,0.0207374595918313,-0.145521849418471,-0.145982084345529,0.00629542237581959,0.00000675051190836125,FALSE,FALSE,FALSE,FALSE
323,1,0.382096164762965,1.27166906354318,1.33444846216754,0.0918771546299655,0.00900816953580031,TRUE,TRUE,FALSE,TRUE
324,0,0.0134058638910219,-0.116567675961077,-0.11677931968959,0.00362139365037629,0.00000247829629631236,FALSE,FALSE,FALSE,FALSE
325,0,0.0260521898597034,-0.163551403198388,-0.164157078928477,0.00736560835730644,0.00000999789428209991,FALSE,FALSE,FALSE,FALSE
327,1,0.683190741300843,0.68096994828558,0.687721430797898,0.0195379755944581,0.000471241908438324,FALSE,FALSE,FALSE,FALSE
328,1,0.701767015328519,0.651900571375771,0.659475408734208,0.0228403800271378,0.000508282350296585,FALSE,FALSE,FALSE,FALSE
329,1,0.652238615447394,0.730192595061882,0.742881690344506,0.0338700624849971,0.000967363666112189,FALSE,FALSE,FALSE,FALSE
330,0,0.64051805984773,-1.33483366524808,-1.37781596592125,0.0614187446138361,0.00621128545870598,FALSE,FALSE,FALSE,FALSE
331,1,0.997514308656724,0.0499187880586648,0.0499502584583478,0.00125967259953737,0.000000157344142597326,FALSE,FALSE,FALSE,FALSE
332,1,0.838956376038812,0.438129078310018,0.4500763521204,0.0523853501853042,0.00055991290759885,FALSE,FALSE,FALSE,FALSE
333,1,0.991527963412448,0.0924360604475758,0.0926237759376851,0.00404918223002063,0.00000174399163426505,FALSE,FALSE,FALSE,FALSE
335,0,0.105002752800456,-0.342522805608896,-0.349950632752103,0.0420001983917696,0.000268453761304167,FALSE,FALSE,FALSE,FALSE
336,0,0.182547192845227,-0.47255921310289,-0.48289232243335,0.0423388527803727,0.000515463387301225,FALSE,FALSE,FALSE,FALSE
337,0,0.57901143112146,-1.17275803500015,-1.20909208842396,0.0591983390679038,0.00459938971335631,FALSE,FALSE,FALSE,FALSE
338,0,0.185100562936232,-0.476597610796505,-0.480348522071396,0.0155564810924281,0.000182307058266834,FALSE,FALSE,FALSE,FALSE
339,1,0.422118691325087,1.17004356464873,1.19459904442825,0.0406883060008525,0.00302638517471405,FALSE,FALSE,FALSE,FALSE
340,0,0.344843924761151,-0.725502483366278,-0.744821223308843,0.0512020877555345,0.00149688363317807,FALSE,FALSE,FALSE,FALSE
341,1,0.99501201136455,0.070802495644621,0.0708822621134977,0.00224940865033278,0.000000566358612963686,FALSE,FALSE,FALSE,FALSE
342,1,0.50841011471862,0.983318880749767,1.00998077922882,0.0520999666547799,0.00280331001704522,FALSE,FALSE,FALSE,FALSE
345,1,0.0872345777910697,3.23470930672838,3.25621675097298,0.0131664548839683,0.00707329169000945,TRUE,FALSE,TRUE,TRUE
346,1,0.488702217721529,1.0228567125192,1.05974498619412,0.0684056239336432,0.00412323127917315,FALSE,TRUE,FALSE,TRUE
347,1,0.699100683172542,0.656055736962253,0.667643477568994,0.0344111237052857,0.000794265733372736,FALSE,FALSE,FALSE,FALSE
348,0,0.0763783342009116,-0.28756633023371,-0.291634170246428,0.0277023094384108,0.000121161193434406,FALSE,FALSE,FALSE,FALSE
349,0,0.133748728001538,-0.392936966045493,-0.397067110430486,0.0206950621910731,0.000166589117169086,FALSE,FALSE,FALSE,FALSE
350,1,0.971975006723015,0.169802941674011,0.170427868605479,0.00732017822938167,0.0000107093642681035,FALSE,FALSE,FALSE,FALSE
351,0,0.3951161996348,-0.808214134141015,-0.821582424920191,0.0322780283958349,0.00112571559558137,FALSE,FALSE,FALSE,FALSE
353,1,0.404762223531917,1.21267732294509,1.24451907188583,0.0505165485337408,0.00412021034076393,FALSE,FALSE,FALSE,FALSE
354,0,0.167406560528404,-0.448404275161307,-0.452017595554239,0.0159236207592102,0.000165307936270606,FALSE,FALSE,FALSE,FALSE
355,1,0.887264060620395,0.356455031052446,0.361640853069075,0.0284737766881282,0.000191652955760318,FALSE,FALSE,FALSE,FALSE
357,0,0.38424792378687,-0.789955854974743,-0.804218146295084,0.0351542056243875,0.00117824911265425,FALSE,FALSE,FALSE,FALSE
358,0,0.737199209427225,-1.67486226033686,-1.72145600954937,0.0534003595103003,0.00835871866753972,TRUE,FALSE,FALSE,TRUE
359,0,0.0336352503874717,-0.186563548107252,-0.187450354306017,0.00943939010052528,0.0000167419259240659,FALSE,FALSE,FALSE,FALSE
360,1,0.911621070344439,0.311363135130714,0.315331725690106,0.0250124995111305,0.000127544984270336,FALSE,FALSE,FALSE,FALSE
361,0,0.00768381140098902,-0.0879960767934859,-0.0882674010427378,0.0061383304742798,0.00000240599659192357,FALSE,FALSE,FALSE,FALSE
362,0,0.278386243471057,-0.621114236011498,-0.63861885128175,0.0540689129014264,0.00116557872645418,FALSE,FALSE,FALSE,FALSE
363,0,0.133364242833329,-0.392284726971432,-0.396801938837119,0.0226384971962237,0.000182351752121412,FALSE,FALSE,FALSE,FALSE
364,1,0.984448939259825,0.125684988908705,0.126064916560925,0.00601840955954841,0.00000481129386355939,FALSE,FALSE,FALSE,FALSE
365,0,0.431971213605816,-0.872051695126746,-0.910618011220267,0.082909933883047,0.00374832341584625,FALSE,TRUE,FALSE,TRUE
366,1,0.581683213586844,0.848026416083792,0.873825911719347,0.0581777981300472,0.0023583496719459,FALSE,FALSE,FALSE,FALSE
367,0,0.00854632557440094,-0.0928439274099154,-0.0929839273685614,0.00300900527883465,0.00000130472051011468,FALSE,FALSE,FALSE,FALSE
369,1,0.909454870986102,0.315530953079901,0.317317918642777,0.0112312216795355,0.0000571862282198182,FALSE,FALSE,FALSE,FALSE
370,1,0.99008071817576,0.100093255185546,0.10026345399001,0.00339215018256153,0.00000171082700052482,FALSE,FALSE,FALSE,FALSE
371,1,0.507464474169592,0.985180843129148,1.02044109208085,0.06791388381518,0.00379357269197227,FALSE,TRUE,FALSE,TRUE
372,1,0.982561182504981,0.133222848401758,0.133735058195479,0.00764539844984043,0.00000688959642333249,FALSE,FALSE,FALSE,FALSE
373,1,0.754737447032197,0.570056199447397,0.575575157898463,0.0190852535604459,0.000322285493432478,FALSE,FALSE,FALSE,FALSE
374,0,0.254643895179231,-0.584500285990002,-0.593418206102203,0.029830263157389,0.000541378617176291,FALSE,FALSE,FALSE,FALSE
375,0,0.312552346034577,-0.674281997100323,-0.694620309480485,0.0577022056691791,0.00147730170317,FALSE,FALSE,FALSE,FALSE
376,1,0.904140864187078,0.325610728181283,0.33074301460911,0.0307940982428207,0.000173781205823702,FALSE,FALSE,FALSE,FALSE
378,1,0.827637316127184,0.45635371688589,0.465327818735931,0.0381991630738217,0.000429988395539708,FALSE,FALSE,FALSE,FALSE
380,0,0.790193327742954,-1.94069385799976,-1.98169374698211,0.0409505850295356,0.00838421116991979,TRUE,FALSE,FALSE,TRUE
381,1,0.65144240807965,0.731474616101829,0.745582225788625,0.0374851757991417,0.00108246340142883,FALSE,FALSE,FALSE,FALSE
382,1,0.33500142778445,1.40892224923985,1.46537193705643,0.0755608823178182,0.00877575420630467,TRUE,TRUE,FALSE,TRUE
383,0,0.0511145674254441,-0.232094823978372,-0.233271339973891,0.0100616654081599,0.000027653779863413,FALSE,FALSE,FALSE,FALSE
384,1,0.499316211641494,1.00136851313023,1.01998610895162,0.0361724225329671,0.00195225599710071,FALSE,FALSE,FALSE,FALSE
385,0,0.0615516571278703,-0.256103013650681,-0.25850236524867,0.018477328186272,0.000062898151701067,FALSE,FALSE,FALSE,FALSE
386,0,0.0348169213654253,-0.189928585417361,-0.190807588590693,0.00919228113672634,0.0000168886605737897,FALSE,FALSE,FALSE,FALSE
387,0,0.322016947757468,-0.689175683615467,-0.706199421329953,0.0476311618425294,0.00124712710287077,FALSE,FALSE,FALSE,FALSE
388,1,0.663787422067071,0.711692630724384,0.722197369038579,0.02887947341217,0.000775528825025221,FALSE,FALSE,FALSE,FALSE
389,0,0.328538341591494,-0.699491466897364,-0.728783537904282,0.0787707183725308,0.00227072313551215,FALSE,TRUE,FALSE,TRUE
391,1,0.869368081890195,0.387634842111079,0.394161554201787,0.0328427561745691,0.00026379164426793,FALSE,FALSE,FALSE,FALSE
392,1,0.99507326213188,0.0703642721250003,0.0704794735920329,0.00326640681337236,0.000000813928929449465,FALSE,FALSE,FALSE,FALSE
393,1,0.532710098756597,0.936586153244262,0.955306380730345,0.0388080863760716,0.00184233024192315,FALSE,FALSE,FALSE,FALSE
394,1,0.868262481497929,0.389519515814392,0.396758228721741,0.0361564223027514,0.000295257393929686,FALSE,FALSE,FALSE,FALSE
395,0,0.503239637581711,-1.0065004023352,-1.06257257957667,0.102755723290881,0.00646520852675833,FALSE,TRUE,FALSE,TRUE
396,1,0.784355497386909,0.524339678239975,0.530664587052158,0.0236956305831666,0.00034173798578933,FALSE,FALSE,FALSE,FALSE
397,0,0.296699773618434,-0.64951356976937,-0.671997441007912,0.0657970824943853,0.00159026924717637,FALSE,TRUE,FALSE,TRUE
398,0,0.338758829730765,-0.71575661266391,-0.730218296330469,0.0392169842487503,0.00108823903945193,FALSE,FALSE,FALSE,FALSE
399,1,0.862755588569277,0.398844349742908,0.402873465296024,0.0199018720070024,0.000164790321781257,FALSE,FALSE,FALSE,FALSE
400,1,0.773543245380817,0.541066119915142,0.548516329278188,0.0269804664934852,0.00041713537525489,FALSE,FALSE,FALSE,FALSE
401,1,0.999986089923119,0.00372964748661075,0.00372967666935218,0.0000156488778228119,0.000000000010884346731508,FALSE,FALSE,FALSE,FALSE
402,1,0.331686502859882,1.4194699937628,1.49408121329489,0.0973819315044237,0.0120418378667121,TRUE,TRUE,FALSE,TRUE
403,1,0.24587336032454,1.75132361161486,1.76880606904926,0.0196698343797051,0.00313876485004626,FALSE,FALSE,FALSE,FALSE
405,0,0.648644763564843,-1.35872085986201,-1.43745176345239,0.106542444059295,0.0123198464081737,TRUE,TRUE,FALSE,TRUE
406,1,0.963476663690557,0.194699403560197,0.196686017511617,0.0200988473489042,0.0000396739883293273,FALSE,FALSE,FALSE,FALSE
407,1,0.753763238207491,0.571556238329325,0.585893192292345,0.0483417104425167,0.000871862273645692,FALSE,FALSE,FALSE,FALSE
408,0,0.235820925240169,-0.555512196886129,-0.563596883341659,0.0284838333004838,0.000465645674941019,FALSE,FALSE,FALSE,FALSE
409,0,0.273002324188107,-0.61279704300167,-0.63478390115878,0.0680738164407711,0.00147170375415394,FALSE,TRUE,FALSE,TRUE
410,1,0.995653939861625,0.0660683799169104,0.0661292755115451,0.00184086567112375,0.000000403255080265321,FALSE,FALSE,FALSE,FALSE
411,1,0.420958532326003,1.17283029345537,1.19835838989153,0.0421513126626513,0.00315978578751764,FALSE,FALSE,FALSE,FALSE
412,0,0.110051448112461,-0.35165389363669,-0.353975859139227,0.013076314538598,0.0000830078337183476,FALSE,FALSE,FALSE,FALSE
413,0,0.8256838718743,-2.17639698374711,-2.19893435583564,0.0203934025905185,0.00503306483804511,FALSE,FALSE,TRUE,TRUE
414,1,0.946130916341737,0.23861304176689,0.23977509000153,0.00966933098785056,0.0000280668922708698,FALSE,FALSE,FALSE,FALSE
415,0,0.0546601315714762,-0.240459173118443,-0.242222869371093,0.0145095734399416,0.0000431919218399389,FALSE,FALSE,FALSE,FALSE
416,0,0.0209618208087101,-0.146323704591349,-0.146819230622829,0.00673876045288562,0.00000731227342612938,FALSE,FALSE,FALSE,FALSE
417,1,0.835444791257916,0.443809852281542,0.448676473318836,0.0215755812589457,0.00022195852047787,FALSE,FALSE,FALSE,FALSE
418,1,0.745353295024673,0.584504612447933,0.597570915786898,0.0432532812299347,0.00080718110229527,FALSE,FALSE,FALSE,FALSE
419,0,0.0933258912106087,-0.320830365391294,-0.323212577206606,0.0146865130517763,0.0000778557650812468,FALSE,FALSE,FALSE,FALSE
420,1,0.721041649707712,0.621998743205387,0.629721769306398,0.0243779654873623,0.000495431112015005,FALSE,FALSE,FALSE,FALSE
421,1,0.999182159151604,0.0286096183043617,0.0286169741931154,0.00051402662642579,0.0000000210584470106462,FALSE,FALSE,FALSE,FALSE
422,1,0.261264867818762,1.68152709465462,1.70329843692362,0.0254003673661604,0.00378063938777076,FALSE,FALSE,FALSE,FALSE
423,1,0.675780044111993,0.69265534480269,0.709932055323223,0.0480792204368901,0.00127280005920469,FALSE,FALSE,FALSE,FALSE
424,1,0.817516235964283,0.472458777565484,0.476652663341804,0.0175198247834626,0.000202572279450152,FALSE,FALSE,FALSE,FALSE
425,1,0.62675667329141,0.77169652117768,0.780643223072135,0.0227900121064632,0.000710610877026242,FALSE,FALSE,FALSE,FALSE
426,1,0.907695159472706,0.318890975050848,0.322561038580995,0.022626320645487,0.000120433447886814,FALSE,FALSE,FALSE,FALSE
428,1,0.976219621133807,0.156075817568825,0.156714897973811,0.00813933243487843,0.0000100769404263038,FALSE,FALSE,FALSE,FALSE
429,1,0.738456834820745,0.59512628248513,0.609275924308776,0.0459080614906242,0.000893093167958605,FALSE,FALSE,FALSE,FALSE
432,0,0.92636699728271,-3.54695175791937,-3.57655597836006,0.0164860827782131,0.0107210426636091,TRUE,FALSE,TRUE,TRUE
433,0,0.0220263226504023,-0.150074676366775,-0.150741250438828,0.00882439654848755,0.0000101150642010924,FALSE,FALSE,FALSE,FALSE
434,0,0.138969519445954,-0.401745032012391,-0.409161153668808,0.0359218479151958,0.000311892708695228,FALSE,FALSE,FALSE,FALSE
435,0,0.211050477965836,-0.517211962830267,-0.523309275767726,0.0231671477784645,0.000324742538878367,FALSE,FALSE,FALSE,FALSE
436,1,0.382940196081997,1.2693989967763,1.30670593778352,0.0562856208368967,0.00509193231257471,FALSE,FALSE,FALSE,FALSE
437,1,0.652352541165651,0.730009228550285,0.759425580395379,0.0759696048089494,0.00237079530166411,FALSE,TRUE,FALSE,TRUE
438,0,0.207530908531389,-0.511741016447724,-0.519191910123127,0.0284959370697102,0.000395333993724229,FALSE,FALSE,FALSE,FALSE
439,1,0.951955303231447,0.224654152012294,0.225722087008009,0.00944000390911961,0.0000242778099654052,FALSE,FALSE,FALSE,FALSE
440,0,0.103530764600245,-0.339834147270614,-0.342487056340804,0.0154320245840432,0.0000919254005331017,FALSE,FALSE,FALSE,FALSE
441,0,0.83298458259032,-2.23326469318857,-2.29085196437926,0.0496439401090202,0.0137070485396598,TRUE,FALSE,TRUE,TRUE
442,1,0.735270198736506,0.600036867080794,0.610110409004457,0.0327494157676791,0.000630160866179596,FALSE,FALSE,FALSE,FALSE
443,1,0.656557926397159,0.723252967812329,0.739859250139562,0.0443865957834393,0.00127127007953874,FALSE,FALSE,FALSE,FALSE
444,0,0.37772001213342,-0.77909798333643,-0.786400367347076,0.0184854431562859,0.000582358664220259,FALSE,FALSE,FALSE,FALSE
445,1,0.991747632942332,0.0912197089187618,0.0913356903913182,0.00253806224611717,0.00000106134596387681,FALSE,FALSE,FALSE,FALSE
446,0,0.119171033312327,-0.367823572678098,-0.372252138531773,0.0236518358121468,0.000167843508290099,FALSE,FALSE,FALSE,FALSE
448,0,0.889620310135677,-2.83895010585625,-2.86516186681811,0.0182131857225572,0.00761442389290416,TRUE,FALSE,TRUE,TRUE
449,1,0.331028372206056,1.4215797887586,1.44931235548572,0.037903817671934,0.0041376948281795,FALSE,FALSE,FALSE,FALSE
451,0,0.0774660938721546,-0.289777499431777,-0.291989737644705,0.0150954468658118,0.0000653366719036279,FALSE,FALSE,FALSE,FALSE
452,1,0.419957155795665,1.17524265014003,1.19971995688368,0.040388771182636,0.00302897082125972,FALSE,FALSE,FALSE,FALSE
453,1,0.966743596828773,0.185473550693488,0.186292563530439,0.00877343116413879,0.0000153588104609836,FALSE,FALSE,FALSE,FALSE
454,0,0.244663283833304,-0.569133438110222,-0.582896473083522,0.0466654129765142,0.000831577295834336,FALSE,FALSE,FALSE,FALSE
455,1,0.747538891243509,0.581139434666894,0.587069164287502,0.0200991064527484,0.000353462333685175,FALSE,FALSE,FALSE,FALSE
456,1,0.475493630763509,1.05027500779812,1.07317040320515,0.0422135499154909,0.00253799384538564,FALSE,FALSE,FALSE,FALSE
457,1,0.737956476486958,0.595897194744898,0.604185152650492,0.0272469871477978,0.000511241386407868,FALSE,FALSE,FALSE,FALSE
458,0,0.972506793539799,-5.94748869494474,-5.96506215645284,0.0058834509237079,0.0105291856394919,TRUE,FALSE,TRUE,TRUE
459,0,0.215890440056359,-0.524720862016633,-0.532109114009671,0.0275768989367281,0.000401477822160961,FALSE,FALSE,FALSE,FALSE
460,1,0.142552504263498,2.45254137398683,2.47411612445309,0.0173643284934004,0.0054084850185931,FALSE,FALSE,TRUE,TRUE
461,0,0.222440196665516,-0.534859525319379,-0.548262820444461,0.0482960379774353,0.00076270610589826,FALSE,FALSE,FALSE,FALSE
462,0,0.467047716773449,-0.936130646378756,-0.968418668712848,0.065570328809108,0.00329046330173178,FALSE,TRUE,FALSE,TRUE
463,0,0.698737341635646,-1.52294536896193,-1.56520474522758,0.0532695679115469,0.00689231555345987,TRUE,FALSE,FALSE,TRUE
464,0,0.0568535227869497,-0.245521266924703,-0.246718594325635,0.00968246503067958,0.000029756732204286,FALSE,FALSE,FALSE,FALSE
465,1,0.859395833939244,0.404485048096251,0.410529643173073,0.0292309955545222,0.000253738725063549,FALSE,FALSE,FALSE,FALSE
466,1,0.893322748895839,0.345566561170531,0.349040072748791,0.0198041905634745,0.00012307358193265,FALSE,FALSE,FALSE,FALSE
467,0,0.124985337995657,-0.377939139022426,-0.381511721771753,0.0186408711085181,0.00013823690860753,FALSE,FALSE,FALSE,FALSE
468,0,0.367706271195322,-0.762589956444372,-0.785728432573739,0.0580296682116237,0.00190163781575471,FALSE,FALSE,FALSE,FALSE
469,0,0.0106377837517508,-0.103692636845279,-0.104038523755151,0.00663815534625824,0.00000361658189364715,FALSE,FALSE,FALSE,FALSE
470,1,0.89650620032124,0.339766469298664,0.345341144151312,0.0320244506514333,0.000197280405823682,FALSE,FALSE,FALSE,FALSE
471,1,0.656400314229526,0.723505753105756,0.740505410451611,0.0453866453392097,0.0013035480809833,FALSE,FALSE,FALSE,FALSE
472,1,0.839380311343345,0.437441518854129,0.444178716548078,0.0301054658156669,0.000306200808827424,FALSE,FALSE,FALSE,FALSE
473,0,0.245269413009644,-0.570066762446009,-0.584603796325284,0.0491146023929931,0.000882623977321698,FALSE,FALSE,FALSE,FALSE
474,0,0.0914008512183377,-0.317167703308096,-0.321273949197315,0.0253989136485105,0.000134495972137711,FALSE,FALSE,FALSE,FALSE
475,0,0.542758175052643,-1.08950746949945,-1.11414034770108,0.0437298052061966,0.00283822441481088,FALSE,FALSE,FALSE,FALSE
476,1,0.82506848881675,0.46045694056393,0.469257025873755,0.0371547779307703,0.000424863832257745,FALSE,FALSE,FALSE,FALSE
477,1,0.537756645171324,0.927133866543353,0.942997468902284,0.0333620607086233,0.00153454663109094,FALSE,FALSE,FALSE,FALSE
479,0,0.130427996308924,-0.387286748015723,-0.39262247372158,0.026995243000872,0.000213841795362491,FALSE,FALSE,FALSE,FALSE
480,0,0.154239670604966,-0.427045735405437,-0.433007549001672,0.0273471968081997,0.000263582099781073,FALSE,FALSE,FALSE,FALSE
482,0,0.364282695546796,-0.756984965654711,-0.773074091174281,0.0411906264182868,0.00128374382311867,FALSE,FALSE,FALSE,FALSE
483,0,0.18017241180472,-0.468794903561494,-0.473173473384196,0.0184216201733394,0.000210093987092628,FALSE,FALSE,FALSE,FALSE
484,0,0.505292234300649,-1.01064108174012,-1.02193379221899,0.0219785595680791,0.00117345482569997,FALSE,FALSE,FALSE,FALSE
485,1,0.407820018506804,1.20501538289883,1.26387250307461,0.0909690892236555,0.00799266720650618,TRUE,TRUE,FALSE,TRUE
486,0,0.251887045935259,-0.580255584812388,-0.587335222404676,0.0239623607026428,0.000423452920172965,FALSE,FALSE,FALSE,FALSE
488,1,0.922791238968469,0.289255456605786,0.29206027525504,0.0191148934815954,0.0000831129555843207,FALSE,FALSE,FALSE,FALSE
489,1,0.841796911011149,0.433514687160914,0.441814115750884,0.0372169035776096,0.000377277546703177,FALSE,FALSE,FALSE,FALSE
490,0,0.451854384248149,-0.907927724315872,-0.927894307355524,0.0425732990630969,0.00191425061602738,FALSE,FALSE,FALSE,FALSE
491,0,0.026439771352808,-0.164796291970199,-0.165434885469897,0.00770527913489602,0.0000106260508534587,FALSE,FALSE,FALSE,FALSE
492,0,0.121491724981868,-0.371877943702035,-0.375874409449651,0.0211518503903448,0.000152647102017882,FALSE,FALSE,FALSE,FALSE
493,1,0.722242425314806,0.620142445848246,0.633782119758645,0.042578997583949,0.00089318712144172,FALSE,FALSE,FALSE,FALSE
494,0,0.0767893822098327,-0.288403277468638,-0.290851402704657,0.0167633517069679,0.0000721132599703314,FALSE,FALSE,FALSE,FALSE
495,0,0.0855900499612506,-0.305943456082808,-0.309057066352586,0.0200475996111622,0.000097702293591693,FALSE,FALSE,FALSE,FALSE
496,0,0.659754161594692,-1.392498250391,-1.41465653321043,0.0310813906530808,0.00320985318131542,FALSE,FALSE,FALSE,FALSE
498,1,0.129754519151421,2.58976073545324,2.61145208798879,0.0165434899802722,0.00573595984246563,FALSE,FALSE,TRUE,TRUE
499,1,0.948188991617556,0.233756431102266,0.235306411623503,0.0131307565579867,0.0000368355926730951,FALSE,FALSE,FALSE,FALSE
500,1,0.547865208276583,0.908441786571085,0.92823689784525,0.0421962131583109,0.00189794921634184,FALSE,FALSE,FALSE,FALSE
501,1,0.994448290363007,0.0747174891445132,0.0748341393869738,0.00311513774762776,0.000000874987392684272,FALSE,FALSE,FALSE,FALSE
502,1,0.457419491504213,1.0891175611092,1.10867551009585,0.0349704483360882,0.0022270988849882,FALSE,FALSE,FALSE,FALSE
503,1,0.511850416105907,0.976573491361394,0.989818034390701,0.0265825260321237,0.00133775886871687,FALSE,FALSE,FALSE,FALSE
505,0,0.0173465357132964,-0.132863651039619,-0.133214059028186,0.00525390686631427,0.00000468640971958255,FALSE,FALSE,FALSE,FALSE
506,1,0.449905704071164,1.10575222302635,1.12859183846549,0.0400649888823406,0.00265807364728789,FALSE,FALSE,FALSE,FALSE
509,1,0.50429196325783,0.991452601152051,1.02760529173941,0.0691252526988584,0.00392074097462144,FALSE,TRUE,FALSE,TRUE
510,0,0.0420390434197188,-0.209484795977601,-0.210760219516321,0.0120664554672323,0.0000271268440957854,FALSE,FALSE,FALSE,FALSE
512,1,0.934882448241652,0.263918922111173,0.267257523980248,0.0248281042342656,0.0000909268757349191,FALSE,FALSE,FALSE,FALSE
513,0,0.358590379404879,-0.747707233300155,-0.759537676572334,0.0309090886262857,0.000920005295388147,FALSE,FALSE,FALSE,FALSE
514,1,0.690895524458889,0.668877299385136,0.69916971156804,0.0847753647051432,0.00226400395833058,FALSE,TRUE,FALSE,TRUE
515,1,0.947516357877166,0.235352396304277,0.237519730130702,0.0181664531065109,0.0000521917263083112,FALSE,FALSE,FALSE,FALSE
516,1,0.606302835474451,0.805816848850492,0.831454457574881,0.0607185279358169,0.00223445912531182,FALSE,FALSE,FALSE,FALSE
517,1,0.647379862107148,0.738029909700559,0.747201060157593,0.024397361203564,0.000698095523030793,FALSE,FALSE,FALSE,FALSE
518,1,0.845460988660931,0.427535594905489,0.43468085716317,0.0326056940789114,0.000318420453542608,FALSE,FALSE,FALSE,FALSE
519,0,0.0645614808151256,-0.262711519844722,-0.264826515549557,0.0159089066941054,0.0000566888922471554,FALSE,FALSE,FALSE,FALSE
520,0,0.0302590899848765,-0.176644480861627,-0.177223807188509,0.0065271078088763,0.0000103176048952911,FALSE,FALSE,FALSE,FALSE
521,0,0.0628329060498054,-0.258931601629177,-0.26194179987926,0.0228516553251443,0.0000802299983559508,FALSE,FALSE,FALSE,FALSE
523,0,0.323296624264078,-0.691196313982734,-0.705085155458893,0.0390081947984097,0.00100899570007805,FALSE,FALSE,FALSE,FALSE
524,1,0.645614033546203,0.740886662841599,0.757868488583837,0.0443126139283751,0.00133158599677709,FALSE,FALSE,FALSE,FALSE
525,0,0.862445726300247,-2.50396839643765,-2.55366641874582,0.0385441296804706,0.0130715540687286,TRUE,FALSE,TRUE,TRUE
526,0,0.232597873894197,-0.550543159992167,-0.561514428416224,0.0386956617673943,0.000634589995082576,FALSE,FALSE,FALSE,FALSE
527,0,0.0900146923775637,-0.314513658625697,-0.318473968428847,0.0247159041702071,0.000128517788581583,FALSE,FALSE,FALSE,FALSE
528,0,0.324366741287773,-0.692887376093498,-0.706409788735944,0.0379184626703424,0.000983382017949769,FALSE,FALSE,FALSE,FALSE
530,1,0.93555714605067,0.262453411664559,0.266032797639657,0.0267283302017813,0.0000971802726986057,FALSE,FALSE,FALSE,FALSE
531,0,0.081301860031987,-0.297484143712231,-0.301333332979734,0.0253845449538075,0.000118249807785312,FALSE,FALSE,FALSE,FALSE
532,1,0.554347617750433,0.89661711258623,0.911870205840447,0.0331747257492367,0.00142657760671434,FALSE,FALSE,FALSE,FALSE
534,1,0.989787940301795,0.101574710562336,0.101810801627985,0.00463246185622076,0.0000024120488397729,FALSE,FALSE,FALSE,FALSE
536,0,0.261866844269589,-0.595624976054041,-0.606794690296513,0.0364766200641499,0.000696956833240476,FALSE,FALSE,FALSE,FALSE
537,0,0.160388088870172,-0.437065735646674,-0.443758214308141,0.0299352782559211,0.000303840318972876,FALSE,FALSE,FALSE,FALSE
538,0,0.382201742164704,-0.786543943960326,-0.824725137454924,0.0904480294079067,0.0033818945238132,FALSE,TRUE,FALSE,TRUE
539,1,0.686030679158416,0.676506288441787,0.700357929624017,0.0669528826942852,0.0017598506375963,FALSE,TRUE,FALSE,TRUE
541,1,0.8146440688724,0.477001004644885,0.484393924053642,0.0302914752574965,0.000366476886946172,FALSE,FALSE,FALSE,FALSE
542,0,0.430912574427244,-0.870171968387385,-0.901179133198713,0.0676307891839356,0.0029454305713042,FALSE,TRUE,FALSE,TRUE
543,0,0.114178612300582,-0.359020542850341,-0.363467685396463,0.024320932083429,0.000164654969270238,FALSE,FALSE,FALSE,FALSE
544,1,0.640829560397075,0.748650337491057,0.773080683301144,0.0622039358239621,0.00198211618112053,FALSE,FALSE,FALSE,FALSE
546,1,0.868265565817201,0.389514264120249,0.394906829841036,0.0271241052439565,0.000217398864786283,FALSE,FALSE,FALSE,FALSE
547,0,0.766133746603892,-1.80995808323589,-1.8400520776289,0.0324424526736093,0.0056763231096178,FALSE,FALSE,FALSE,FALSE
548,0,0.0747117411589927,-0.284155393163804,-0.285734074958706,0.0110194815499216,0.000045484926732485,FALSE,FALSE,FALSE,FALSE
550,0,0.749802204225266,-1.73113770957356,-1.76811683563258,0.0413914136902962,0.00674933318915556,TRUE,FALSE,FALSE,TRUE
551,1,0.626829823855262,0.771575871414836,0.788817019845901,0.0432362091245354,0.00140593559798018,FALSE,FALSE,FALSE,FALSE
552,1,0.75149385460711,0.575050320421358,0.604324517774595,0.0945358265956688,0.00190649463451345,FALSE,TRUE,FALSE,TRUE
555,0,0.241973447044684,-0.564991151474153,-0.575880968845561,0.0374620992850978,0.000645371419929822,FALSE,FALSE,FALSE,FALSE
556,0,0.509253925602222,-1.01868233615478,-1.0389166566492,0.0385734021217664,0.00216522600691963,FALSE,FALSE,FALSE,FALSE
557,1,0.796157664809335,0.505996662967906,0.517824127452977,0.0451596984122336,0.000634095775892821,FALSE,FALSE,FALSE,FALSE
559,0,0.00759390416767012,-0.0874757841903278,-0.0876271062784293,0.00345079134685027,0.00000132943435147285,FALSE,FALSE,FALSE,FALSE
560,0,0.0284749934459167,-0.171200419532786,-0.172023569476791,0.00954730237485418,0.0000142624078874189,FALSE,FALSE,FALSE,FALSE
561,1,0.663505043664355,0.712142927042033,0.737046890101579,0.0664360037757318,0.00193294566941211,FALSE,TRUE,FALSE,TRUE
562,0,0.576213226771036,-1.16605198510775,-1.19256188276274,0.0439645923466263,0.00327009919006817,FALSE,FALSE,FALSE,FALSE
563,1,0.982354122566297,0.134025548465753,0.134640516377084,0.00911409880055385,0.00000833703499777063,FALSE,FALSE,FALSE,FALSE
564,0,0.229766902105993,-0.546176042069617,-0.554740782777624,0.0306399842999487,0.000486355275294164,FALSE,FALSE,FALSE,FALSE
565,1,0.887755022958092,0.355579642209865,0.358249918262568,0.0148517793926968,0.0000967429033097991,FALSE,FALSE,FALSE,FALSE
566,1,0.822458542599243,0.464614631534898,0.470688691993138,0.0256427181216503,0.000291530070106817,FALSE,FALSE,FALSE,FALSE
567,0,0.492546172527503,-0.985201825866414,-1.0057509674675,0.0404458279001858,0.00213184268595148,FALSE,FALSE,FALSE,FALSE
568,0,0.479014025541266,-0.958873020069361,-0.989764972555785,0.0614486524683278,0.00320692269206858,FALSE,FALSE,FALSE,FALSE
569,0,0.114534793508472,-0.359652404566233,-0.363311059687199,0.0200392095294478,0.000134958153758996,FALSE,FALSE,FALSE,FALSE
571,1,0.673518421162678,0.696232996263901,0.70707236140476,0.0304248402548639,0.000784412586430777,FALSE,FALSE,FALSE,FALSE
573,0,0.487243613266271,-0.974804529092845,-0.999405893976916,0.0486260318495359,0.00255253310484702,FALSE,FALSE,FALSE,FALSE
574,0,0.0965075579259199,-0.326827356414998,-0.328870769094949,0.0123882362272738,0.0000678334297461543,FALSE,FALSE,FALSE,FALSE
575,0,0.39148329443723,-0.802084944464532,-0.819341613555823,0.0416796657894024,0.00145986788387604,FALSE,FALSE,FALSE,FALSE
576,0,0.56852062322111,-1.14787101691376,-1.19040858866283,0.0701902894267622,0.0053486608797775,FALSE,TRUE,FALSE,TRUE
578,1,0.91917474821294,0.296533996449742,0.299160392253429,0.0174813712920627,0.000079618299188224,FALSE,FALSE,FALSE,FALSE
579,0,0.378668704508524,-0.780671082295575,-0.801768140855521,0.051933950208553,0.00176067969978025,FALSE,FALSE,FALSE,FALSE
580,1,0.98736386900296,0.113127566308337,0.113538155247933,0.00721953832466417,0.00000468716105167848,FALSE,FALSE,FALSE,FALSE
581,1,0.939281366327372,0.254251276321497,0.256568438309891,0.0179811549797916,0.0000602662582122596,FALSE,FALSE,FALSE,FALSE
584,1,0.937826346984892,0.257479097265868,0.260533559821675,0.0233102982298184,0.0000810006628328419,FALSE,FALSE,FALSE,FALSE
585,1,0.804718180789976,0.492616551241318,0.502875539856223,0.0403851163343162,0.000532127116963097,FALSE,FALSE,FALSE,FALSE
587,0,0.420381582535899,-0.851629608297243,-0.873131055476643,0.0486449385860643,0.0019490541341171,FALSE,FALSE,FALSE,FALSE
589,1,0.702902261460136,0.650132987787552,0.66198042036155,0.0354736053815091,0.000805844983570148,FALSE,FALSE,FALSE,FALSE
590,1,0.453246458749986,1.09831924251268,1.11423314902773,0.0283607829494635,0.00181190462986406,FALSE,FALSE,FALSE,FALSE
591,0,0.383969431782195,-0.78949101918289,-0.801495339937289,0.0297304884272254,0.000984196161115749,FALSE,FALSE,FALSE,FALSE
592,0,0.383334418070604,-0.78843165468749,-0.816190774988595,0.0668644372598442,0.00238673290579716,FALSE,TRUE,FALSE,TRUE
593,0,0.441140937020027,-0.888459287352156,-0.917678302047851,0.0626665046512097,0.00281508988150948,FALSE,FALSE,FALSE,FALSE
594,1,0.904645643474298,0.324661672682716,0.329211296734537,0.0274485518575311,0.00015294184149221,FALSE,FALSE,FALSE,FALSE
595,0,0.0920130295291054,-0.318335341685543,-0.324050293074518,0.0349609740523663,0.000190210062853371,FALSE,FALSE,FALSE,FALSE
596,1,0.495647530997422,1.00874315796258,1.04040245882957,0.0599337430633844,0.0034505289985471,FALSE,FALSE,FALSE,FALSE
597,0,0.611321904809858,-1.25412246088834,-1.29127075327577,0.0567099295814564,0.00501208558883652,FALSE,FALSE,FALSE,FALSE
598,0,0.202939512054396,-0.504588868537772,-0.511494807919145,0.0268206795350963,0.000360520005329656,FALSE,FALSE,FALSE,FALSE
599,1,0.140119405804783,2.47725053264781,2.51303237810042,0.028274291742013,0.00918785673568914,TRUE,FALSE,TRUE,TRUE
600,0,0.166130055153585,-0.446349388575666,-0.451830317916044,0.0241138582674139,0.000252225095516907,FALSE,FALSE,FALSE,FALSE
601,1,0.224795924442047,1.85700813841347,1.88902770214055,0.033613263878084,0.00620592299320606,FALSE,FALSE,FALSE,FALSE
602,1,0.922166298101046,0.290522130425835,0.294780412954925,0.0286825419973702,0.000128299124769961,FALSE,FALSE,FALSE,FALSE
603,0,0.565072708445064,-1.13983984940124,-1.19590277113502,0.0915606713413752,0.00720733634015613,TRUE,TRUE,FALSE,TRUE
604,0,0.400437239307885,-0.817240543554624,-0.848410731224706,0.0721292127962147,0.00279773129749262,FALSE,TRUE,FALSE,TRUE
605,1,0.873280630642515,0.380929483317903,0.38446492320807,0.0183069205163184,0.000137823418189226,FALSE,FALSE,FALSE,FALSE
606,1,0.995008585317866,0.0708269290856338,0.0709345880326013,0.0030331394543557,0.000000765416397347073,FALSE,FALSE,FALSE,FALSE
607,1,0.381830942127097,1.27238362681097,1.30901650415365,0.0551869147342294,0.00500438212831414,FALSE,FALSE,FALSE,FALSE
608,1,0.606380907309423,0.805685075241404,0.814656201024272,0.0219030556152523,0.000743090216363797,FALSE,FALSE,FALSE,FALSE
609,0,0.278698676466747,-0.621597255935866,-0.629675314994803,0.0254932739149663,0.000518613851307752,FALSE,FALSE,FALSE,FALSE
610,0,0.0349801708353811,-0.19038943472534,-0.191172121762859,0.00817153476012165,0.0000150551882077056,FALSE,FALSE,FALSE,FALSE
611,0,0.0631235693212444,-0.259570071856408,-0.263379182619494,0.0287157562750035,0.000102543186849842,FALSE,FALSE,FALSE,FALSE
612,0,0.705523946296708,-1.54785718393302,-1.58121154163424,0.0417433916375841,0.00544572699178314,FALSE,FALSE,FALSE,FALSE
613,1,0.828636760251981,0.454754216195583,0.459359522989062,0.0199504802799405,0.000214773546049083,FALSE,FALSE,FALSE,FALSE
614,1,0.865232014321952,0.39466360487402,0.39996465198014,0.0263319150836405,0.000216314054383313,FALSE,FALSE,FALSE,FALSE
615,1,0.996189493934309,0.0618472437719385,0.0619089999288541,0.00199406726456446,0.000000382899026678605,FALSE,FALSE,FALSE,FALSE
616,1,0.181923942461515,2.12056657533167,2.16673069272646,0.0421578314592202,0.0103315191630439,TRUE,FALSE,TRUE,TRUE
618,0,0.0934263869411407,-0.321020849590114,-0.323377253591662,0.0145206169280908,0.0000770418080281952,FALSE,FALSE,FALSE,FALSE
619,1,0.850850140026042,0.418682576090465,0.422981902640883,0.0202253412845467,0.000184664422975442,FALSE,FALSE,FALSE,FALSE
620,1,0.79918117809471,0.501279084023147,0.512620340181133,0.0437586955461767,0.000601254779247539,FALSE,FALSE,FALSE,FALSE
621,0,0.333897598118556,-0.708004711325651,-0.718110730633337,0.0279480797154816,0.000741336439477809,FALSE,FALSE,FALSE,FALSE
622,0,0.0462947561530785,-0.220322481880778,-0.221991795401153,0.0149828703542936,0.0000374796123386925,FALSE,FALSE,FALSE,FALSE
623,0,0.789223624240186,-1.93503610184019,-1.98878623578354,0.0533227666725412,0.0111392758161016,TRUE,FALSE,FALSE,TRUE
624,1,0.857956151985464,0.4068915474421,0.410952613425364,0.0196665015130212,0.000169397409475216,FALSE,FALSE,FALSE,FALSE
625,1,0.654075059562117,0.727238969425693,0.739121068050682,0.0318935311669306,0.000899871819162567,FALSE,FALSE,FALSE,FALSE
626,0,0.179649276007063,-0.467964547689134,-0.473384931440538,0.0227694249372098,0.00026106814252815,FALSE,FALSE,FALSE,FALSE
627,1,0.834141203593993,0.445912315953612,0.453208729681221,0.0319397183237337,0.000338840424730186,FALSE,FALSE,FALSE,FALSE
629,0,0.354101567203658,-0.740426253163024,-0.752826042372115,0.0326706838583807,0.000957068776457697,FALSE,FALSE,FALSE,FALSE
630,0,0.44330809163328,-0.89237084912477,-0.906600543494345,0.0311449673061167,0.00132108582980684,FALSE,FALSE,FALSE,FALSE
631,1,0.186036855202797,2.09171675774648,2.14153695938682,0.0459863172754836,0.0110533820217326,TRUE,FALSE,TRUE,TRUE
632,1,0.96020092256731,0.203589531528329,0.205086447003032,0.0145446229314483,0.0000310391221479144,FALSE,FALSE,FALSE,FALSE
633,0,0.132083934810988,-0.390109148797317,-0.396889009271306,0.0338732078730138,0.000276140655060663,FALSE,FALSE,FALSE,FALSE
634,0,0.122065785772725,-0.372877337068924,-0.378206516091374,0.0279827711862397,0.000205894514814689,FALSE,FALSE,FALSE,FALSE
635,0,0.0254302252190026,-0.161535743216982,-0.162043654807544,0.00625899963870394,0.00000826924352844545,FALSE,FALSE,FALSE,FALSE
636,1,0.960071557951243,0.203933879253747,0.204625896015752,0.00675228915291997,0.0000142326133591636,FALSE,FALSE,FALSE,FALSE
637,0,0.235493773535853,-0.555007946106263,-0.561679009645259,0.0236129437018762,0.000381482404284907,FALSE,FALSE,FALSE,FALSE
638,0,0.338691684658588,-0.715649340397456,-0.726391741462126,0.0293587255954446,0.000797976763484014,FALSE,FALSE,FALSE,FALSE
639,0,0.0826148495302856,-0.30009116193647,-0.302400033806973,0.0152120192674464,0.000070628145412753,FALSE,FALSE,FALSE,FALSE
640,1,0.716118580914654,0.629616372093063,0.646931118201793,0.0528125357597144,0.00116677513822043,FALSE,FALSE,FALSE,FALSE
641,0,0.212963374615645,-0.520181602773759,-0.531495990016235,0.0421224550057482,0.000621117365222967,FALSE,FALSE,FALSE,FALSE
642,1,0.969146257803864,0.178426461025884,0.179329937956498,0.0100507595161751,0.0000163253144727923,FALSE,FALSE,FALSE,FALSE
643,1,0.51532861529807,0.969798616808393,0.989583730021132,0.0395870042695981,0.00201822558271307,FALSE,FALSE,FALSE,FALSE
645,0,0.523713955886935,-1.04860794867635,-1.07266519948136,0.0443521021035994,0.00267002105396203,FALSE,FALSE,FALSE,FALSE
646,1,0.855544207051777,0.410909567885995,0.415277081877354,0.0209236067792319,0.000184274780665741,FALSE,FALSE,FALSE,FALSE
647,0,0.187521115152595,-0.480417752257031,-0.487022432709662,0.0269387848635446,0.000328326377587835,FALSE,FALSE,FALSE,FALSE
648,1,0.616837012660837,0.788145794790529,0.797136939752646,0.0224313731186994,0.00072902845285096,FALSE,FALSE,FALSE,FALSE
649,1,0.787827515957527,0.518954112557983,0.52561462730046,0.0251831431052263,0.000356855005232506,FALSE,FALSE,FALSE,FALSE
650,0,0.0884301215496242,-0.311462042970564,-0.31396751224441,0.0158963734788026,0.000079615321563519,FALSE,FALSE,FALSE,FALSE
651,0,0.576842472224177,-1.16755562135111,-1.20722245402098,0.0646362192900821,0.00503546996829129,FALSE,FALSE,FALSE,FALSE
652,1,0.527343988613133,0.94672880924701,0.985732765180265,0.0775713124001448,0.00408560830256658,FALSE,TRUE,FALSE,TRUE
653,0,0.255318117491468,-0.58553845551874,-0.593135192189846,0.025451492874353,0.000459395979643067,FALSE,FALSE,FALSE,FALSE
654,0,0.0878531982175247,-0.310346190114611,-0.313481754662505,0.0199047181716606,0.0000997889095016995,FALSE,FALSE,FALSE,FALSE
656,1,0.307879518367291,1.4993411185052,1.52441779194355,0.032629398481829,0.00391917092759562,FALSE,FALSE,FALSE,FALSE
657,0,0.469983116680134,-0.941664669808985,-0.964634865206965,0.0470576160564946,0.00229751942741752,FALSE,FALSE,FALSE,FALSE
659,0,0.0682449692945156,-0.270635303469418,-0.272313297331471,0.012286024820972,0.0000461198506070188,FALSE,FALSE,FALSE,FALSE
661,0,0.0417671975721238,-0.208776759042893,-0.209915136044061,0.010816659472504,0.0000240920567712072,FALSE,FALSE,FALSE,FALSE
662,0,0.186322299576576,-0.478526739707455,-0.49469411561151,0.064295037525067,0.00084077930739995,FALSE,FALSE,FALSE,FALSE
664,1,0.68851188779249,0.672612628033482,0.68944742778756,0.0482394003393108,0.00120461008266947,FALSE,FALSE,FALSE,FALSE
665,1,0.992555693925993,0.0866033452434315,0.0867063884354795,0.00237541811756047,0.000000895045515897903,FALSE,FALSE,FALSE,FALSE
668,0,0.0656342085497502,-0.265037094194289,-0.267118978848021,0.0155269514480615,0.000056268049363404,FALSE,FALSE,FALSE,FALSE
669,1,0.636525771283638,0.755664144594095,0.781246118833302,0.0644179385011161,0.00210121593738031,FALSE,FALSE,FALSE,FALSE
670,0,0.0604465606875962,-0.253644269147058,-0.254890256861025,0.00975276442224873,0.0000319934127947605,FALSE,FALSE,FALSE,FALSE
671,0,0.769032260758856,-1.8247216196051,-1.87012523653867,0.0479673263097742,0.0088105910606137,TRUE,FALSE,FALSE,TRUE
672,0,0.100240911245207,-0.333779286409879,-0.3359916069414,0.0131255485377865,0.0000750727661750904,FALSE,FALSE,FALSE,FALSE
673,1,0.919533693832027,0.295817054881748,0.300430207958777,0.0304745335879617,0.000141851864161045,FALSE,FALSE,FALSE,FALSE
