"family","repeat_id","outer_fold","config_id","alpha","lambda_fraction","lambda","lambda_max","best_mean_metric","best_se_metric","one_se_threshold","selected_mean_metric","selected_se_metric","converged","objective","kkt_max","failure_reason","n_features"
"continuous",1,1,11,0,0.01,0.590281774101897,59.0281774101896,4.23818791551634,0.0807921097048381,4.31898002522117,4.23818791551634,0.0807921097048381,TRUE,9.2047108615249,0.00000000965467508501003,,48
"logistic",1,1,11,0,0.01,0.0519377785540155,5.19377785540155,0.484263058507186,0.00731566077603996,0.491578719283226,0.484263058507186,0.00731566077603996,TRUE,0.468614979698223,0.00000000010277742719389,,48
"continuous",1,2,11,0,0.01,0.558444237746931,55.8444237746931,4.12891726925316,0.0762795814054517,4.20519685065861,4.18830141767948,0.112440763069605,TRUE,9.11931144128322,0.00000000922017257334873,,48
"logistic",1,2,11,0,0.01,0.0540778824570695,5.40778824570694,0.449072188470666,0.0167512472699616,0.465823435740627,0.456886918490502,0.014820573312462,TRUE,0.455647182409648,0.0000000000053496686247545,,48
"continuous",1,3,11,0,0.01,0.57303891815,57.303891815,4.23104441559476,0.193711293535934,4.42475570913069,4.27913130665292,0.208595987173009,TRUE,9.38277500513852,0.00000000787630860532573,,48
"logistic",1,3,11,0,0.01,0.0514622576502424,5.14622576502423,0.485730311672239,0.0163039084884244,0.502034220160663,0.485730311672239,0.0163039084884244,TRUE,0.469180609379552,0.00000000000728901574514884,,48
"continuous",1,4,11,0,0.01,0.56519982534842,56.519982534842,3.99278215891638,0.0977894292283033,4.09057158814468,4.05282363031731,0.102749639024181,TRUE,8.63325393368646,0.0000000060114392318178,,48
"logistic",1,4,11,0,0.01,0.0522004243550203,5.22004243550202,0.477656205479655,0.0113544650362471,0.489010670515903,0.477656205479655,0.0113544650362471,TRUE,0.469235561258827,0.00000000013612034763244,,48
"continuous",1,5,11,0,0.01,0.526741098490383,52.6741098490382,4.21669905700388,0.10957697420872,4.3262760312126,4.21669905700388,0.10957697420872,TRUE,8.80613801132677,0.0000000044622510964043,,48
"logistic",1,5,11,0,0.01,0.0513766015717245,5.13766015717245,0.49312556118377,0.0267791183658673,0.519904679549637,0.498066199604161,0.025558094444596,TRUE,0.475877367097456,0.0000000000323959418319086,,48
"continuous",1,6,11,0,0.01,0.56176871470175,56.176871470175,4.10700456834189,0.128519110891012,4.2355236792329,4.18026571028983,0.116299585823812,TRUE,9.04580218719942,0.00000000867850410285476,,48
"logistic",1,6,11,0,0.01,0.0520271154839482,5.20271154839482,0.471877742915699,0.0247601823131383,0.496637925228838,0.475723736659775,0.0169915439151706,TRUE,0.467633978512239,0.000000000122776176378347,,48
"continuous",1,7,11,0,0.01,0.552281300482542,55.2281300482542,4.23478042468752,0.229857343363034,4.46463776805056,4.23478042468752,0.229857343363034,TRUE,9.18940611738775,0.00000000627060897651077,,48
"logistic",1,7,11,0,0.01,0.0519912275719145,5.19912275719144,0.488822249222244,0.0240786107981185,0.512900860020362,0.488822249222244,0.0240786107981185,TRUE,0.472060985227129,0.000000000131073275497218,,48
"continuous",1,8,11,0,0.01,0.57359596955855,57.3595969558549,4.0893616182362,0.228946948044057,4.31830856628025,4.12100038088144,0.201518558212143,TRUE,8.78759136130134,0.00000000581135196214833,,48
"logistic",1,8,11,0,0.01,0.0525756858372423,5.25756858372423,0.467569088832212,0.0107056221825652,0.478274711014777,0.473402425624348,0.0102271113559942,TRUE,0.462746043792004,0.000000000122216127843022,,48
"continuous",1,9,11,0,0.01,0.57042202242574,57.042202242574,4.23374332993939,0.132726989895158,4.36647031983455,4.25167367885196,0.177159596102088,TRUE,9.20227799188977,0.00000000627624986010433,,48
"logistic",1,9,11,0,0.01,0.0530554921774342,5.30554921774341,0.483899215566856,0.0131493674741986,0.497048583041054,0.483899215566856,0.0131493674741986,TRUE,0.465669997097795,0.00000000000570133371936843,,48
"continuous",1,10,11,0,0.01,0.54882365246114,54.882365246114,4.2555453650832,0.124004940820958,4.37955030590416,4.2555453650832,0.124004940820958,TRUE,9.00371672249565,0.00000000506569078871644,,48
"logistic",1,10,11,0,0.01,0.0515245534716459,5.15245534716459,0.490787578016353,0.0164285200539863,0.507216098070339,0.490807057795995,0.0154819773151571,TRUE,0.473873141909091,0.000000000112139608363093,,48
"continuous",2,1,11,0,0.01,0.564587578697475,56.4587578697475,4.08989353107119,0.156960284233915,4.2468538153051,4.14475973684037,0.158645594212417,TRUE,9.01912099271022,0.00000000774009395118624,,48
"logistic",2,1,11,0,0.01,0.0516402185672332,5.16402185672332,0.46830774783417,0.0370205922758672,0.505328340110037,0.477206916223458,0.0288483027870197,TRUE,0.46776523970126,0.00000000000587104366858715,,48
"continuous",2,2,11,0,0.01,0.560418571595349,56.0418571595348,4.11984050447212,0.219432076798339,4.33927258127046,4.17354188041638,0.221831596621341,TRUE,9.00717263094845,0.00000000804250216424052,,48
"logistic",2,2,11,0,0.01,0.0522813454957223,5.22813454957223,0.483265841462886,0.0356656067735651,0.518931448236451,0.484985835367446,0.0292453385918428,TRUE,0.471469656672965,0.00000000011664056526195,,48
"continuous",2,3,11,0,0.01,0.554109356281006,55.4109356281006,4.24457764912055,0.0686042387250225,4.31318188784557,4.26393931649563,0.0871308225630337,TRUE,9.17064329989281,0.00000000808895470050253,,48
"logistic",2,3,11,0,0.01,0.0516102982292182,5.16102982292182,0.475089347331915,0.0212893842871391,0.496378731619054,0.479431947975377,0.0176630568432163,TRUE,0.469968956138197,0.0000000000635122406056343,,48
"continuous",2,4,11,0,0.01,0.559510372761705,55.9510372761704,4.12707360262034,0.0626812517852441,4.18975485440559,4.18454849011958,0.0591902501134534,TRUE,9.13642927153456,0.00000000578847203502875,,48
"logistic",2,4,11,0,0.01,0.0515083856592694,5.15083856592694,0.492442915021972,0.0279559020920309,0.520398817114003,0.492442915021972,0.0279559020920309,TRUE,0.470325144215796,0.000000000121181804174642,,48
"continuous",2,5,11,0,0.01,0.559155432013372,55.9155432013372,4.13903664702876,0.2153139657406,4.35435061276936,4.16854467737362,0.203731534672466,TRUE,8.82886575231752,0.00000000717092982910339,,48
"logistic",2,5,11,0,0.01,0.0527151041415163,5.27151041415163,0.481230853105436,0.00610212145829278,0.487332974563729,0.481230853105436,0.00610212145829278,TRUE,0.467335273849667,0.000000000111846375043523,,48
"continuous",2,6,11,0,0.01,0.560635522972102,56.0635522972101,4.20084124771605,0.150756296714216,4.35159754443027,4.23176463819238,0.184679375753315,TRUE,9.1642766494305,0.00000000718573972026404,,48
"logistic",2,6,11,0,0.01,0.0517865084718751,5.17865084718751,0.490796314776668,0.0150252911054463,0.505821605882114,0.490796314776668,0.0150252911054463,TRUE,0.47650923122914,0.000000000132679062181396,,48
"continuous",2,7,11,0,0.01,0.56889755334656,56.8897553346559,4.12060202550295,0.151188149265758,4.27179017476871,4.18943123980582,0.168792920225873,TRUE,8.98615452702538,0.00000000629613602226575,,48
"logistic",2,7,11,0,0.01,0.0538206335069728,5.38206335069727,0.482997835824858,0.0238297591962312,0.506827595021089,0.483349927120956,0.0178250225448143,TRUE,0.467531514343783,0.000000000101271444355455,,48
"continuous",2,8,11,0,0.01,0.577034989933833,57.7034989933833,4.22044924741563,0.0908963046460482,4.31134555206167,4.23038781420425,0.0896678422234987,TRUE,8.90229327862123,0.00000000564559465149328,,48
"logistic",2,8,11,0,0.01,0.0529233480321278,5.29233480321278,0.468483275887434,0.0213014943290036,0.489784770216438,0.468483275887434,0.0213014943290036,TRUE,0.456193165830913,0.00000000000497217544914719,,48
"continuous",2,9,11,0,0.01,0.564653033263185,56.4653033263185,4.21193198878174,0.17192628846886,4.3838582772506,4.2395592455338,0.193543349719451,TRUE,9.08573318077853,0.00000000766988919598255,,48
"logistic",2,9,11,0,0.01,0.0518894426384338,5.18894426384338,0.484581325541847,0.0270898582350019,0.511671183776849,0.484581325541847,0.0270898582350019,TRUE,0.467555011176643,0.00000000000709857476619002,,48
"continuous",2,10,11,0,0.01,0.551592674309308,55.1592674309308,4.15806039486366,0.0898898217033001,4.24795021656696,4.22452695725608,0.0788176401187566,TRUE,9.14802930234922,0.00000000502364416038459,,48
"logistic",2,10,11,0,0.01,0.0516975352505174,5.16975352505174,0.476677718618428,0.0224642302591209,0.499141948877549,0.477015829876836,0.0192053409246542,TRUE,0.46532832849604,0.000000000129928021466719,,48
"continuous",3,1,11,0,0.01,0.580571599573314,58.0571599573314,4.17405908393063,0.112330965196734,4.28639004912736,4.20509871154991,0.118887622082514,TRUE,9.15890560310412,0.00000000531558515953767,,48
"logistic",3,1,11,0,0.01,0.0529164079757498,5.29164079757497,0.47067820514427,0.0260317301044355,0.496709935248705,0.47067820514427,0.0260317301044355,TRUE,0.46117052822191,0.00000000000405774372436163,,48
"continuous",3,2,11,0,0.01,0.553271522449934,55.3271522449934,4.2111868184449,0.118275128103844,4.32946194654874,4.2485424533625,0.0875153659135472,TRUE,9.1533339507322,0.00000000816438482098558,,48
"logistic",3,2,11,0,0.01,0.0510276449855468,5.10276449855468,0.480363905989796,0.0234415098180092,0.503805415807805,0.483711001663864,0.0207406654197425,TRUE,0.472821319191197,0.00000000011002712282937,,48
"continuous",3,3,11,0,0.01,0.579705839510625,57.9705839510625,4.13459062620951,0.169463460227069,4.30405408643658,4.20337147435071,0.15816587773397,TRUE,9.23867077549987,0.00000000725693289835294,,48
"logistic",3,3,11,0,0.01,0.0510306445331957,5.10306445331957,0.477932492185487,0.0194947288216774,0.497427221007164,0.482825417299916,0.0153868827737572,TRUE,0.470746166021072,0.000000000129454214709002,,48
"continuous",3,4,11,0,0.01,0.56787145571876,56.787145571876,4.17191640611177,0.130609864625949,4.30252627073772,4.17191640611177,0.130609864625949,TRUE,8.84566585372203,0.0000000099866550515304,,48
"logistic",3,4,11,0,0.01,0.0536540962689274,5.36540962689274,0.477195428251404,0.0265731197448959,0.5037685479963,0.479477502526969,0.0215739518385167,TRUE,0.46683167006081,0.0000000000862251641614575,,48
"continuous",3,5,11,0,0.01,0.554680294291891,55.468029429189,4.10967366272274,0.0931236033433494,4.20279726606609,4.148780923893,0.113626410969631,TRUE,8.94127521719054,0.00000000521188777552473,,48
"logistic",3,5,11,0,0.01,0.0518301517656218,5.18301517656217,0.47287823007714,0.0162741516800772,0.489152381757217,0.473308500682777,0.0162606649667164,TRUE,0.468591691767751,0.0000000000700006927423225,,48
"continuous",3,6,16,0,0.001,0.0555408750172787,55.5408750172787,4.10985360871575,0.0735700925020809,4.18342370121784,4.12153998349084,0.0723015437622895,TRUE,7.69025509296426,0.00000000893606875388558,,48
"logistic",3,6,11,0,0.01,0.0512762321179558,5.12762321179558,0.473445873586138,0.028737404253603,0.502183277839741,0.478844801666434,0.0226549265353111,TRUE,0.471809313436282,0.000000000129778793614421,,48
"continuous",3,7,11,0,0.01,0.565408025400317,56.5408025400317,4.2167751905009,0.116899371728603,4.3336745622295,4.22940332097191,0.12157301273481,TRUE,9.06023530611347,0.00000000837672913325815,,48
"logistic",3,7,11,0,0.01,0.0536627195628037,5.36627195628037,0.471585763703888,0.0171841254902411,0.48876988919413,0.471585763703888,0.0171841254902411,TRUE,0.460697539134444,0.0000000000910202486298362,,48
"continuous",3,8,11,0,0.01,0.547445549588236,54.7445549588236,4.13532596512006,0.161537574680816,4.29686353980088,4.17958547146034,0.163656123790886,TRUE,8.91485693776851,0.00000000661591566253339,,48
"logistic",3,8,11,0,0.01,0.0508345076243009,5.08345076243009,0.478147512076571,0.0100689738540105,0.488216485930582,0.484185490531571,0.0074369066025986,TRUE,0.474117767370433,0.000000000083759650257309,,48
"continuous",3,9,11,0,0.01,0.555474606949749,55.5474606949749,4.19912294142248,0.072370733568831,4.27149367499131,4.23181290495886,0.055043232528776,TRUE,8.9815379744155,0.00000000598476846335946,,48
"logistic",3,9,11,0,0.01,0.0523127132369774,5.23127132369774,0.480494500708539,0.0097128982166933,0.490207398925233,0.480494500708539,0.0097128982166933,TRUE,0.467494549827449,0.00000000000501485658555012,,48
"continuous",3,10,11,0,0.01,0.560657541876135,56.0657541876134,4.23936663684918,0.0759399872369244,4.31530662408611,4.23936663684918,0.0759399872369244,TRUE,9.04363654431423,0.00000000564683095768959,,48
"logistic",3,10,11,0,0.01,0.0535013558998317,5.35013558998316,0.48580859150967,0.0141508533301635,0.499959444839833,0.48580859150967,0.0141508533301635,TRUE,0.464027364830173,0.00000000000631594082589615,,48
"continuous",4,1,11,0,0.01,0.564373672863813,56.4373672863813,4.15736202417897,0.115161962732814,4.27252398691178,4.22327563105703,0.075240807488232,TRUE,9.28085572590265,0.00000000708533154716862,,48
"logistic",4,1,11,0,0.01,0.0512693997848494,5.12693997848494,0.472831484391969,0.0320285586971178,0.504860043089087,0.473732898755591,0.0274830625205748,TRUE,0.465271518518218,0.000000000126566901056946,,48
"continuous",4,2,11,0,0.01,0.567530148267991,56.7530148267991,4.04721411480674,0.0938538191791018,4.14106793398584,4.11727248656145,0.112698837168668,TRUE,8.75390803485528,0.00000000725627668715645,,48
"logistic",4,2,11,0,0.01,0.0520275481060403,5.20275481060403,0.480006460277114,0.00928192666214288,0.489288386939256,0.483531281726673,0.00759348863589449,TRUE,0.474349346721027,0.000000000113141978425046,,48
"continuous",4,3,11,0,0.01,0.561179485854657,56.1179485854656,4.30202988752126,0.190862144905479,4.49289203242674,4.30202988752126,0.190862144905479,TRUE,9.2919573835344,0.00000000672908292715518,,48
"logistic",4,3,11,0,0.01,0.0509881485037735,5.09881485037735,0.496743541789217,0.0284162907400272,0.525159832529245,0.496743541789217,0.0284162907400272,TRUE,0.467471606592861,0.000000000133090065010388,,48
"continuous",4,4,11,0,0.01,0.538126591054594,53.8126591054593,4.11747443368634,0.189341660150356,4.3068160938367,4.16390025109703,0.194714106910456,TRUE,8.95834380044,0.00000000730752386379763,,48
"logistic",4,4,11,0,0.01,0.0522473995967383,5.22473995967382,0.491268296000721,0.0137950626981086,0.505063358698829,0.496189387324243,0.0151799988192253,TRUE,0.469667233616395,0.000000000057518550686253,,48
"continuous",4,5,11,0,0.01,0.560660805241199,56.0660805241198,4.2090713974194,0.0907251607283304,4.29979655814773,4.23920401025608,0.11300462468748,TRUE,9.08413958688834,0.00000000581819024902952,,48
"logistic",4,5,11,0,0.01,0.0510684157367142,5.10684157367141,0.498069534194689,0.0122179112104604,0.510287445405149,0.498069534194689,0.0122179112104604,TRUE,0.47741916149179,0.00000000010394389168833,,48
"continuous",4,6,11,0,0.01,0.556983725703894,55.6983725703893,4.16133969708892,0.140620156753099,4.30195985384201,4.19220345527881,0.139831796632847,TRUE,9.10416849240351,0.00000000699420064920186,,48
"logistic",4,6,11,0,0.01,0.0525330054006337,5.25330054006337,0.472166289112075,0.0158699028760582,0.488036191988133,0.473386839910515,0.0123519489577276,TRUE,0.468630722901006,0.000000000104727773328483,,48
"continuous",4,7,11,0,0.01,0.571283727276241,57.128372727624,4.20310596536694,0.233891564841628,4.43699753020857,4.22951328776082,0.249109766387754,TRUE,9.28556822748299,0.00000000642987971893882,,48
"logistic",4,7,11,0,0.01,0.0523070901859776,5.23070901859776,0.482218840266762,0.026525073683469,0.508743913950231,0.482241486189282,0.0206352095872245,TRUE,0.472630511748252,0.00000000000445941547577711,,48
"continuous",4,8,11,0,0.01,0.551472520970115,55.1472520970115,4.14698717111906,0.0961498465104253,4.24313701762948,4.18613545535285,0.05637876975532,TRUE,8.86589455401865,0.0000000063390143725502,,48
"logistic",4,8,11,0,0.01,0.0524772505393528,5.24772505393528,0.468989518380908,0.0253344988268774,0.494324017207786,0.469326461609362,0.0160855656936064,TRUE,0.462735394971538,0.000000000132754932047341,,48
"continuous",4,9,11,0,0.01,0.576224413513175,57.6224413513175,4.0781734508134,0.172702134253818,4.25087558506722,4.10913098255579,0.140442307116465,TRUE,8.67113146530138,0.0000000063652697904204,,48
"logistic",4,9,11,0,0.01,0.0529844890648158,5.29844890648157,0.481546639393247,0.0155206615047387,0.497067300897986,0.481546639393247,0.0155206615047387,TRUE,0.467324849596521,0.000000000125515589241565,,48
"continuous",4,10,11,0,0.01,0.571900468877007,57.1900468877007,4.08948850266487,0.140109569129725,4.2295980717946,4.14803354767522,0.12394227630705,TRUE,9.05373914351393,0.00000000803723533126383,,48
"logistic",4,10,11,0,0.01,0.0537863507851458,5.37863507851458,0.454204295382384,0.0267898449332753,0.480994140315659,0.459575448517166,0.0215575157864186,TRUE,0.452623662597786,0.0000000000061660503092309,,48
"continuous",5,1,11,0,0.01,0.561867586108735,56.1867586108735,4.15457218351989,0.137522931320291,4.29209511484018,4.19855846964848,0.126480765949216,TRUE,9.06312946380809,0.00000000724619992308051,,48
"logistic",5,1,11,0,0.01,0.0517093940542793,5.17093940542793,0.477534064625626,0.0246229651238736,0.502157029749499,0.480689760538394,0.0209988136324969,TRUE,0.47067232178191,0.000000000093140212556464,,48
"continuous",5,2,11,0,0.01,0.57271980099117,57.2719800991169,4.09688346433941,0.111086229577249,4.20796969391666,4.16078797460546,0.108512019973708,TRUE,8.8736555016084,0.00000000933949871606554,,48
"logistic",5,2,11,0,0.01,0.0526394634087747,5.26394634087747,0.458889748261495,0.0158376340050136,0.474727382266508,0.467041248250852,0.0150005187003348,TRUE,0.465399293696014,0.0000000000993717677588712,,48
"continuous",5,3,11,0,0.01,0.569866219005694,56.9866219005694,4.12514582930961,0.168880660201402,4.29402648951102,4.16475577715202,0.194686520378244,TRUE,9.06751207106322,0.00000000692715880143413,,48
"logistic",5,3,11,0,0.01,0.0525588868225485,5.25588868225485,0.468012662090931,0.0131897808859492,0.48120244297688,0.473368687446566,0.0112037422097068,TRUE,0.468197118443704,0.0000000000057631382305301,,48
"continuous",5,4,11,0,0.01,0.563544651010346,56.3544651010346,4.22665782660798,0.125834336195318,4.3524921628033,4.25455088356016,0.127650448792314,TRUE,9.30649613146705,0.00000000950951122014043,,48
"logistic",5,4,11,0,0.01,0.0526022261001843,5.26022261001843,0.463706579593445,0.0297669980087419,0.493473577602187,0.470914315686718,0.0260185647598555,TRUE,0.464254345909919,0.00000000000673047381716252,,48
"continuous",5,5,11,0,0.01,0.54518590110422,54.518590110422,4.16823706674154,0.162185321277384,4.33042238801892,4.21407730336477,0.183118721834368,TRUE,9.16314484599941,0.00000000493591266470528,,48
"logistic",5,5,11,0,0.01,0.0519017705804938,5.19017705804938,0.470590472666935,0.0188463054259681,0.489436778092903,0.47755914193554,0.0155871837646143,TRUE,0.468404073222613,0.00000000000448406936581769,,48
"continuous",5,6,11,0,0.01,0.535873194635979,53.5873194635979,4.17633881750649,0.163847984680616,4.3401868021871,4.20356037443047,0.167515387280449,TRUE,9.04964512167605,0.00000000822660196561631,,48
"logistic",5,6,11,0,0.01,0.0504795668806186,5.04795668806186,0.482444386093139,0.020369560250535,0.502813946343674,0.482444386093139,0.020369560250535,TRUE,0.471595536600026,0.000000000111826693738326,,48
"continuous",5,7,11,0,0.01,0.584737527410916,58.4737527410916,4.16462309241836,0.0966796634651949,4.26130275588355,4.17316393182899,0.0907731446818565,TRUE,8.86386192703483,0.00000000833626611143612,,48
"logistic",5,7,11,0,0.01,0.052561821582692,5.2561821582692,0.492642653404164,0.016554220569901,0.509196873974065,0.492642653404164,0.016554220569901,TRUE,0.468754680549014,0.0000000000963263965120253,,48
"continuous",5,8,11,0,0.01,0.567119450829185,56.7119450829185,4.17559109991134,0.051245671606235,4.22683677151757,4.19738357621319,0.0561729277280863,TRUE,9.02307049066792,0.00000000512236203106808,,48
"logistic",5,8,11,0,0.01,0.0512140488470802,5.12140488470802,0.490663806541547,0.0195549597398916,0.510218766281438,0.490663806541547,0.0195549597398916,TRUE,0.468372850540863,0.000000000111699966984236,,48
"continuous",5,9,11,0,0.01,0.570421481790494,57.0421481790493,4.13043628263934,0.171153609039495,4.30158989167884,4.15643148512792,0.166646134739711,TRUE,8.96683305364874,0.00000000633460106765071,,48
"logistic",5,9,11,0,0.01,0.0523647920081365,5.23647920081365,0.48702749497845,0.0211989162324511,0.508226411210901,0.48702749497845,0.0211989162324511,TRUE,0.468786165515048,0.0000000000910740094450802,,48
"continuous",5,10,11,0,0.01,0.548747737003174,54.8747737003174,4.21121662626392,0.0890170905320163,4.30023371679594,4.25399466094753,0.104707852466808,TRUE,8.96803670054247,0.00000000492984203459557,,48
"logistic",5,10,11,0,0.01,0.0532919835407145,5.32919835407144,0.474865378789181,0.014622715738161,0.489488094527342,0.478274026135097,0.00996532793491456,TRUE,0.46291610763568,0.000000000186859021311658,,48
