"family","scope","repeat_id","outer_fold","n","r2","rmse","mae","calibration_intercept","calibration_slope","auc","brier_score","log_loss"
"continuous","outer_fold",1,1,62,0.196671738454073,3.85404093235017,3.08572180097745,-1.18656198899557,0.68743206184421,,,
"logistic","outer_fold",1,1,62,,,,0.170376283562843,1.10753059876487,0.8625,0.147744577237437,0.453647963836174
"continuous","outer_fold",2,1,62,0.408661003863803,4.22905757201247,3.17667234810639,0.405735865869344,1.15368727115166,,,
"logistic","outer_fold",2,1,62,,,,0.214823197178479,1.01352568126994,0.857291666666667,0.152098188284949,0.466669814615325
"continuous","outer_fold",3,1,62,0.295767117220546,4.0128551786897,3.08744793041256,-0.0959840598623012,1.09954102707589,,,
"logistic","outer_fold",3,1,62,,,,0.118954592130137,0.912712024982075,0.795833333333333,0.185793149773983,0.550523416449437
"continuous","outer_fold",4,1,62,0.418072866193902,3.61416311605897,3.02429686290632,0.767461887185854,1.09044646716882,,,
"logistic","outer_fold",4,1,62,,,,-0.237454741380831,1.01353761015891,0.829166666666667,0.165848374196249,0.491814653139874
"continuous","outer_fold",5,1,62,0.395546736235381,4.16093778681551,3.25621604114455,0.583221322029252,1.12511277858004,,,
"logistic","outer_fold",5,1,62,,,,0.0783502735745563,1.09038380003807,0.875,0.143000092229407,0.447335705839808
"continuous","outer_fold",1,2,62,0.42449068406645,3.97226590455109,3.17675190833444,1.05506804714137,1.15543417098575,,,
"logistic","outer_fold",1,2,62,,,,0.0274084377269531,0.635169483305685,0.748958333333333,0.213692261522422,0.607527827396382
"continuous","outer_fold",2,2,62,0.421644226118544,4.29200693140243,3.56672625793428,2.18606739189417,1.59674765361259,,,
"logistic","outer_fold",2,2,62,,,,-0.00494543068905178,1.64453968996777,0.883333333333333,0.14525911153172,0.452694499547446
"continuous","outer_fold",3,2,62,0.524028404090558,3.86072424331668,3.08761817401962,2.01613617188712,1.41202985733901,,,
"logistic","outer_fold",3,2,62,,,,0.0482157177435517,1.49207739995331,0.8953125,0.137349330451062,0.423533156454389
"continuous","outer_fold",4,2,62,0.314524788255201,4.81064215878358,3.96713676149696,-0.270338021861555,1.29047431551076,,,
"logistic","outer_fold",4,2,62,,,,0.403252782154499,1.49047037470279,0.905208333333333,0.127780761957057,0.408169718375194
"continuous","outer_fold",5,2,62,0.297339162345719,4.54518067111462,3.5308687045545,0.01647980171384,0.969492653374776,,,
"logistic","outer_fold",5,2,62,,,,0.156750776818667,1.07894217501506,0.844791666666667,0.160737993058706,0.495409195530162
"continuous","outer_fold",1,3,62,0.434605571122264,3.41704392931788,2.77365470791769,2.5785952084963,1.37528465268336,,,
"logistic","outer_fold",1,3,62,,,,-0.282421115081623,1.38405038012461,0.877083333333333,0.151604170264523,0.461444429993828
"continuous","outer_fold",2,3,62,0.42981105986793,3.81455037395784,3.07997366607147,1.0551098719716,1.15602477814684,,,
"logistic","outer_fold",2,3,62,,,,-0.103665591324639,1.14173709844731,0.873958333333333,0.146938614207624,0.448342639610415
"continuous","outer_fold",3,3,62,0.255267449014271,3.79690706676635,3.02410453381459,-1.08064752298095,0.740973776513305,,,
"logistic","outer_fold",3,3,62,,,,-0.151136471259829,1.20213952053668,0.871875,0.148287183497509,0.445415709449178
"continuous","outer_fold",4,3,62,0.433402457270301,3.55251402993681,2.64696997480764,0.847537949032032,1.077397019347,,,
"logistic","outer_fold",4,3,62,,,,0.247910079087254,1.0962431822857,0.848958333333333,0.156658872780247,0.481424078137518
"continuous","outer_fold",5,3,62,0.376628396038317,4.16782035561021,3.32803725347357,1.21613622657063,1.21812745136636,,,
"logistic","outer_fold",5,3,62,,,,-0.172555758619938,1.17343222666196,0.848958333333333,0.158685177915932,0.475521143480681
"continuous","outer_fold",1,4,62,0.308682004320152,5.0380925812246,4.03836663035056,0.0690886961611016,1.17876634699711,,,
"logistic","outer_fold",1,4,62,,,,0.0422352550516085,1.33900520253458,0.878125,0.147875205888152,0.457247019140341
"continuous","outer_fold",2,4,62,0.427821878968631,3.95445312219371,3.22781318653923,1.41765972178415,1.29159578085684,,,
"logistic","outer_fold",2,4,62,,,,0.140218424042854,1.47323683018171,0.865625,0.143035358170841,0.447721937831265
"continuous","outer_fold",3,4,62,0.307882998661632,4.68460739978789,3.54399426054059,1.41130204744179,1.3230307840691,,,
"logistic","outer_fold",3,4,62,,,,-0.0248403770996551,1.2558053162714,0.833333333333333,0.168851819623983,0.505157978597999
"continuous","outer_fold",4,4,62,0.436176771909063,4.28763401437302,3.43543407579285,0.73995798443121,1.04854745077073,,,
"logistic","outer_fold",4,4,62,,,,-0.117959601977297,1.12896690644266,0.857291666666667,0.150174755809308,0.464346193682698
"continuous","outer_fold",5,4,62,0.439040970831883,3.52511961741062,2.9927553528104,1.56210986545587,1.21299049671851,,,
"logistic","outer_fold",5,4,62,,,,-0.320659318950768,1.05538010953253,0.828125,0.170966221009401,0.517281175717902
"continuous","outer_fold",1,5,62,0.495693915178848,4.57068718112841,3.81365610227216,3.07628553977317,1.58992629561193,,,
"logistic","outer_fold",1,5,62,,,,-0.203077824073164,1.79300634323718,0.913541666666667,0.125851057238522,0.395718846993427
"continuous","outer_fold",2,5,62,0.377770724131205,4.56855700138123,3.67735033508824,0.974935714604346,1.07823637010506,,,
"logistic","outer_fold",2,5,62,,,,0.0520107327293055,0.953951597021563,0.846875,0.159100648744971,0.476382693539939
"continuous","outer_fold",3,5,62,0.331739181845207,4.40634739508652,3.48357599480752,0.773190431953778,1.12182423355534,,,
"logistic","outer_fold",3,5,62,,,,0.070075230713555,1.4257748828572,0.877083333333333,0.148648956516033,0.463064436640993
"continuous","outer_fold",4,5,62,0.4438080111295,4.07227984901361,3.06972865611321,-0.117466933319929,1.1420604594614,,,
"logistic","outer_fold",4,5,62,,,,0.198464570567572,1.98559125681195,0.934375,0.113994040084824,0.378340354459821
"continuous","outer_fold",5,5,62,0.506285084769106,3.85823034340125,3.2358365837143,2.07542620739251,1.42769787094712,,,
"logistic","outer_fold",5,5,62,,,,-0.134970766590873,1.05954508948082,0.851041666666667,0.152686639288071,0.47721368556667
"continuous","outer_fold",1,6,62,0.299657193672812,4.26251253384564,3.26172708415589,0.892205874865499,1.15244868541875,,,
"logistic","outer_fold",1,6,62,,,,-0.259726149747506,1.25793713355793,0.842708333333333,0.159421455972016,0.487893388142427
"continuous","outer_fold",2,6,62,0.46884739795914,3.84849610165079,3.16281858587438,0.186076713576168,1.21773336198749,,,
"logistic","outer_fold",2,6,62,,,,0.186546845045397,1.49871520240783,0.914583333333333,0.122619823732878,0.395304848373836
"continuous","outer_fold",3,6,62,0.438382006728775,4.17422850728014,3.45513420079406,0.91080133210292,1.02017602331442,,,
"logistic","outer_fold",3,6,62,,,,-0.299274480626696,1.33573556265928,0.888541666666667,0.13939317637575,0.43481396460893
"continuous","outer_fold",4,6,62,0.446051502186766,3.99732641650729,3.419569089163,1.90684602362306,1.37875122348779,,,
"logistic","outer_fold",4,6,62,,,,0.164520357648319,1.58723235194373,0.845833333333333,0.159517528691404,0.473731206542371
"continuous","outer_fold",5,6,62,0.473290771985763,4.05426379122161,3.35491467485973,2.61419465897829,1.51943368534282,,,
"logistic","outer_fold",5,6,62,,,,-0.229901302231037,1.46173276993105,0.886458333333333,0.140306045242844,0.433436791190489
"continuous","outer_fold",1,7,62,0.501615810965437,3.80247895349368,3.2672818293351,1.8488631769387,1.33632734706656,,,
"logistic","outer_fold",1,7,62,,,,-0.0572068172546487,1.33074733186094,0.888541666666667,0.138821906133559,0.431136576479445
"continuous","outer_fold",2,7,62,0.361462698689819,4.30420952086575,3.29325900830845,0.175873184836304,1.10993237440486,,,
"logistic","outer_fold",2,7,62,,,,0.0969441180796587,1.21055113549822,0.854166666666667,0.163253693046096,0.492848521786033
"continuous","outer_fold",3,7,62,0.303017498458842,4.13563177192233,3.50035359112018,-0.131593618703179,0.913966024759641,,,
"logistic","outer_fold",3,7,62,,,,-0.0919688621863795,0.752141327121323,0.792708333333333,0.190473565188859,0.549703960964936
"continuous","outer_fold",4,7,62,0.427150994712247,3.6837675265653,2.87317973237549,1.48841227171531,1.25939886345795,,,
"logistic","outer_fold",4,7,62,,,,0.0716161290514278,1.39299575287718,0.879166666666667,0.143825746645178,0.440972797049684
"continuous","outer_fold",5,7,62,0.279432519730938,4.66237534201659,3.49245043321576,-0.177739213234411,1.14545997970938,,,
"logistic","outer_fold",5,7,62,,,,0.1358758398921,1.56365738977743,0.861458333333333,0.154223657674991,0.468783455245247
"continuous","outer_fold",1,8,61,0.260924096624126,4.78456754377461,3.59952503037704,0.0410607317945967,1.15577506891736,,,
"logistic","outer_fold",1,8,61,,,,0.157382379414346,1.06168576307075,0.812903225806452,0.179370449040852,0.530689158712215
"continuous","outer_fold",2,8,61,0.223643774362136,4.58637671504512,3.46765850013526,0.475594143200251,0.978347931490755,,,
"logistic","outer_fold",2,8,61,,,,-0.31800690872883,0.726740595019211,0.751075268817204,0.21395885128604,0.603565678192309
"continuous","outer_fold",3,8,61,0.422509929913442,4.4194231317054,3.73589899527566,1.23319822633679,1.27707882595297,,,
"logistic","outer_fold",3,8,61,,,,-0.173068510600398,1.66851049329341,0.909677419354839,0.129172332039681,0.407953117371305
"continuous","outer_fold",4,8,61,0.360751072972827,4.60388038775631,3.64109524999982,2.53946145753497,1.31521831337381,,,
"logistic","outer_fold",4,8,61,,,,-0.183931549057224,0.828588803884376,0.795698924731183,0.182005197963345,0.542577531557885
"continuous","outer_fold",5,8,61,0.315164093531244,4.2469866486873,3.52049135062631,0.505008591573962,0.945845975975354,,,
"logistic","outer_fold",5,8,61,,,,0.0106280854987582,1.05115006206332,0.836559139784946,0.15838497533784,0.484989544807494
"continuous","outer_fold",1,9,60,0.232224187089585,3.8989692350192,2.99896154525787,0.110222351892604,0.87668471744993,,,
"logistic","outer_fold",1,9,60,,,,0.0772691383109058,1.02551482149126,0.825361512791991,0.167242092363168,0.516308743675008
"continuous","outer_fold",2,9,60,0.368910256348631,4.1270341615165,3.36744330216066,1.51484513306436,1.21287576074155,,,
"logistic","outer_fold",2,9,60,,,,-0.315262741266672,1.26374132315434,0.828698553948832,0.164300098782784,0.493314798341338
"continuous","outer_fold",3,9,60,0.39420753380882,4.34011657783055,3.22023952695335,1.00263494690733,1.28369788128707,,,
"logistic","outer_fold",3,9,60,,,,0.160898322233506,1.01033687051768,0.852057842046719,0.152144857573132,0.485358424558564
"continuous","outer_fold",4,9,60,0.214756297858905,5.10099408808696,4.01810009990329,0.600499655300963,1.29434905914465,,,
"logistic","outer_fold",4,9,60,,,,-0.249598596102884,1.29155496652013,0.835372636262514,0.171805540909031,0.510661039144649
"continuous","outer_fold",5,9,60,0.302704083488943,4.3732234964734,3.22343189149128,-0.732751767205022,0.899707230218877,,,
"logistic","outer_fold",5,9,60,,,,0.0885233375146087,1.30168361855664,0.8587319243604,0.156100131719702,0.46829189214581
"continuous","outer_fold",1,10,60,0.459418621891421,4.23321656932473,3.35501275060459,-0.182111613190859,1.16975505632424,,,
"logistic","outer_fold",1,10,60,,,,0.321560437804604,1.33164310448678,0.89098998887653,0.133054676245927,0.421229159984561
"continuous","outer_fold",2,10,60,0.402917867479647,3.90478188054683,3.1442636782373,0.638976186231182,1.12684370963329,,,
"logistic","outer_fold",2,10,60,,,,-0.0173594783346385,0.961059685691019,0.835372636262514,0.161431115547703,0.499021413678771
"continuous","outer_fold",3,10,60,0.435225242973295,4.16735213037861,3.37831972551248,0.72907776819114,1.27090001199343,,,
"logistic","outer_fold",3,10,60,,,,0.294190616682602,0.820813250354983,0.82091212458287,0.184208562679465,0.536778358885355
"continuous","outer_fold",4,10,60,0.257135297270961,4.21703160743525,3.42914628581257,-0.0800638189234131,0.927484102126109,,,
"logistic","outer_fold",4,10,60,,,,-0.378223710940808,0.637589805631948,0.730812013348165,0.218658833977004,0.63180400302594
"continuous","outer_fold",5,10,60,0.400855291840019,4.32926990425972,3.44490159764627,0.924969312988849,1.36858329713082,,,
"logistic","outer_fold",5,10,60,,,,0.490121211112334,0.903212178666042,0.815350389321468,0.180723018968648,0.538859878664552
"continuous","repeat_pooled",1,,615,0.380432038683168,4.20970049792531,3.33768033907647,0.732081791849881,1.15596707475727,,,
"logistic","repeat_pooled",1,,615,,,,-0.00559406547747882,1.13549503556026,0.8523807507463,0.156471646881218,0.476244728656756
"continuous","repeat_pooled",2,,615,0.39153080612296,4.17182440639286,3.31654571932247,0.790855433839934,1.16682192493898,,,
"logistic","repeat_pooled",2,,615,,,,-0.0101430322347285,1.11120013315039,0.85038532382021,0.157070406385139,0.477260985885856
"continuous","repeat_pooled",3,,615,0.381210897135852,4.20705366004712,3.35138467050623,0.551096249674412,1.11463261895711,,,
"logistic","repeat_pooled",3,,615,,,,-0.00567852914703375,1.10394996730958,0.848151715961298,0.15841649222449,0.480147202931005
"continuous","repeat_pooled",4,,615,0.377617532376727,4.21925134956859,3.34958232984972,0.678172095345897,1.14088516241168,,,
"logistic","repeat_pooled",4,,615,,,,-0.00981697241663963,1.10071810030895,0.847648889547562,0.158754121201806,0.481708406571171
"continuous","repeat_pooled",5,,615,0.382421699788979,4.20293561239395,3.33771850804939,0.693605605027524,1.15051682371737,,,
"logistic","repeat_pooled",5,,615,,,,0.00783269169933854,1.10407702008959,0.849797810852582,0.157509648414486,0.480556585270371
"continuous","pooled_external_repeated",,,3075,0.382642594821531,4.20218389343658,3.33858231336086,0.687424537192409,1.1453792490228,,,
"logistic","pooled_external_repeated",,,3075,,,,-0.004677250324033,1.1109284245937,0.849856244574768,0.157644463021428,0.479183581863032
