"stratum_variable","stratum","n","n_events","n_nonevents","small_stratum","descriptive_eligible","mean_delta_observed","mean_delta_predicted","delta_rmse","delta_mae","delta_mean_error","delta_calibration_intercept","delta_calibration_slope","delta_calibration_status","probability_observed","probability_predicted","probability_auc","probability_brier","probability_log_loss","probability_calibration_intercept","probability_calibration_slope","probability_calibration_status","mean_delta_ci_lower_approx","mean_delta_ci_upper_approx","improvement_prevalence_wilson_lower","improvement_prevalence_wilson_upper","uncertainty_note"
"faixa_previsao_delta","Q1",153,140,13,FALSE,TRUE,-9.15686274509804,-8.9608637785517,4.02915471024601,3.39086600877205,-0.195998966546335,-2.77102094136278,0.71263685751145,"ok",0.915032679738562,0.907255402361338,0.797527472527473,0.065164991794332,0.237381768153381,0.105596498984098,1.26710780791319,"ok",-9.79529720343098,-8.5184282867651,0.860061397145811,0.949673483892182,"Descriptive 95% intervals; no subgroup interaction test and no multiplicity claim."
"faixa_previsao_delta","Q2",154,103,51,FALSE,TRUE,-5.98701298701299,-5.71684696526643,4.32711034790663,3.44898143354649,-0.270166021746556,-4.41172631183127,0.275551660688594,"ok",0.668831168831169,0.651819806092688,0.55644393679802,0.230211591839733,0.658015488940072,0.0836743496832581,0.277590134422822,"ok",-6.67042986653483,-5.30359610749114,0.591186323711992,0.738258173244105,"Descriptive 95% intervals; no subgroup interaction test and no multiplicity claim."
"faixa_previsao_delta","Q4",154,21,133,FALSE,TRUE,-0.506493506493507,-0.437152621530695,3.66231482290777,2.79737413093853,-0.0693408849628113,-0.0825742257106241,0.969728328057426,"ok",0.136363636363636,0.134290979253827,0.623881131399928,0.124247150617834,0.40238437450727,0.0193597716433824,0.432394835663973,"ok",-1.08491364530718,0.0719266323201668,0.0909502826445909,0.19947695468074,"Descriptive 95% intervals; no subgroup interaction test and no multiplicity claim."
"faixa_previsao_delta","Q3",154,53,101,FALSE,TRUE,-3,-3.53423315269371,4.46483655854693,3.49560370869194,0.534233152693712,2.05280687479797,1.42967559198714,"ok",0.344155844155844,0.370966639129368,0.813469082757332,0.170710050851046,0.52006645955884,-0.130827041557631,2.00916500246722,"ok",-3.70516913669497,-2.29483086330503,0.273735116107591,0.422162271317551,"Descriptive 95% intervals; no subgroup interaction test and no multiplicity claim."
"faixa_previsao_probabilidade","Q4",154,143,11,FALSE,TRUE,-9.27922077922078,-8.79598425400606,4.13107058701292,3.46574814253039,-0.483236525214714,-3.37301880862691,0.67146572800013,"ok",0.928571428571429,0.924051005055881,0.707565162110617,0.064273901083219,0.239223843055649,0.0694902212446472,0.77524650357693,"ok",-9.9316754528176,-8.62676610562396,0.876631929144334,0.959650255436526,"Descriptive 95% intervals; no subgroup interaction test and no multiplicity claim."
"faixa_previsao_probabilidade","Q3",154,106,48,FALSE,TRUE,-5.92207792207792,-5.53956282039618,4.3025814400539,3.47289606315253,-0.382515101681741,-4.20585633247861,0.309811738803707,"ok",0.688311688311688,0.667941416366813,0.555424528301887,0.215268859280901,0.623339707958878,0.0968232775255843,0.443326924476782,"ok",-6.60162074517066,-5.24253509898519,0.611324728886387,0.756132594641567,"Descriptive 95% intervals; no subgroup interaction test and no multiplicity claim."
"faixa_previsao_probabilidade","Q1",153,21,132,FALSE,TRUE,-0.888888888888889,-0.680141412434519,3.39297251040096,2.60561027499718,-0.208747476454369,-0.27030925383629,0.909486797515292,"ok",0.137254901960784,0.108324318747517,0.682720057720058,0.114339026512602,0.375554635051546,0.281012291205188,1.11524153620565,"ok",-1.42651792589455,-0.351259851883229,0.0915569370605964,0.200722025181788,"Descriptive 95% intervals; no subgroup interaction test and no multiplicity claim."
"faixa_previsao_probabilidade","Q2",154,47,107,FALSE,TRUE,-2.50649350649351,-3.57963710675047,4.60265272385654,3.58347173806258,1.07314360025696,1.63822111940858,1.15785888409917,"ok",0.305194805194805,0.358828222487699,0.702127659574468,0.196771310139978,0.580627131501921,-0.249847183888435,2.02839075638673,"ok",-3.23342910765804,-1.77955790532898,0.237941027026986,0.381930707254441,"Descriptive 95% intervals; no subgroup interaction test and no multiplicity claim."
"sexo","feminino",551,275,276,FALSE,TRUE,-4.57894736842105,-4.57894736842105,4.02555564797329,3.20093196060239,-0.000000000000000219022219195562,-0.00895874095963477,0.998043493353641,"ok",0.499092558983666,0.499092558889467,0.867733860342556,0.146719124094613,0.455103443103984,0.000000000627348950009408,1.01393715446794,"ok",-4.91507028720338,-4.24282444963873,0.457495048125682,0.540702635223134,"Descriptive 95% intervals; no subgroup interaction test and no multiplicity claim."
"sexo","masculino",64,42,22,FALSE,TRUE,-5.3125,-5.3125,4.95884777542912,3.98985495499152,-0.000000000000000267147415300428,0.07845479518604,1.01476796144678,"ok",0.65625,0.656249999726161,0.842532467532468,0.156312508405113,0.45233167375194,0.00000000194368780548753,0.863454704858056,"ok",-6.52739538058221,-4.09760461941779,0.534036402099182,0.760768579215567,"Descriptive 95% intervals; no subgroup interaction test and no multiplicity claim."
"lenke","6",285,155,130,FALSE,TRUE,-5.20350877192982,-5.20350877192982,4.00816567225748,3.04691012322306,-0.000000000000000279698291817846,-0.655472095000354,0.874032672235266,"ok",0.543859649122807,0.54385964904066,0.850272952853598,0.154198319295798,0.480752511023805,-0.000000000481820594730729,1.0063201472509,"ok",-5.66884977883801,-4.73816776502164,0.485833829108057,0.600718842735078,"Descriptive 95% intervals; no subgroup interaction test and no multiplicity claim."
"lenke","2",41,29,12,FALSE,TRUE,-7.92682926829268,-7.92682926829268,5.0200954001356,4.46265778910299,-0.00000000000000038993198913664,3.68898568326642,1.46537973235053,"ok",0.707317073170732,0.707317072548478,0.883620689655172,0.128976180047019,0.38537368251285,0.00000000466712183803079,1.11131345666209,"ok",-9.46345511192394,-6.39020342466143,0.555205322770028,0.823908123738866,"Descriptive 95% intervals; no subgroup interaction test and no multiplicity claim."
"lenke","1",37,27,10,FALSE,TRUE,-6.67567567567568,-6.67567567567568,4.25289937042607,3.53467936379817,0.00000000000000100820253047041,3.08063444291472,1.46147155622609,"ok",0.72972972972973,0.72972972956304,0.792592592592593,0.170496549905084,0.490742784590585,0.00000000113188056748496,0.747429758225784,"ok",-8.04602829989681,-5.30532305145454,0.570218316752857,0.846025384889509,"Descriptive 95% intervals; no subgroup interaction test and no multiplicity claim."
"lenke","5",55,36,19,FALSE,TRUE,-6.70909090909091,-6.70909090909091,4.80854183023963,4.05351066840244,-0.000000000000000549055750360077,0.839081419752622,1.12506633627749,"ok",0.654545454545455,0.654545454217765,0.7953216374269,0.171167203717979,0.485418022038111,0.00000000201119930371917,0.997914306606534,"ok",-7.97989950756935,-5.43828231061247,0.522539035075616,0.766372904579103,"Descriptive 95% intervals; no subgroup interaction test and no multiplicity claim."
"lenke","3",137,49,88,FALSE,TRUE,-2.27737226277372,-2.27737226277372,3.76250697774857,2.9992703132169,-0.00000000000000043436462861247,-0.394485798021465,0.826780274586729,"ok",0.357664233576642,0.357664233650099,0.815630797773655,0.152220654137434,0.471573868741269,0.00000000060626657806612,0.817747340211249,"ok",-2.90740790864398,-1.64733661690346,0.282292064053841,0.44080083539098,"Descriptive 95% intervals; no subgroup interaction test and no multiplicity claim."
"lenke","4",60,21,39,FALSE,TRUE,-2.11666666666667,-2.11666666666667,4.10388858492445,3.38499361343664,0.00000000000000132579132857321,0.739875167633241,1.34954732329129,"ok",0.35,0.349999999893698,0.956043956043956,0.0839149227503938,0.290589056435109,0.000000000846502765502076,1.84401761515487,"ok",-3.15507467207333,-1.07825866126,0.241677744060176,0.476373811582451,"Descriptive 95% intervals; no subgroup interaction test and no multiplicity claim."
"risser","2",122,75,47,FALSE,TRUE,-5.81967213114754,-5.81967213114754,4.56464050608873,3.50554111654819,-0.00000000000000136502830896536,0.704338476581402,1.1210271748492,"ok",0.614754098360656,0.614754098040762,0.918156028368794,0.11525469407426,0.370088210913691,0.00000000213954223997673,1.51774347988229,"ok",-6.6296529892096,-5.00969127308548,0.526152142701198,0.696350045865259,"Descriptive 95% intervals; no subgroup interaction test and no multiplicity claim."
"risser","1",92,65,27,FALSE,TRUE,-6.34782608695652,-6.34782608695652,4.50028560440292,3.62662640267698,-0.000000000000000212390491667421,-0.311899077617345,0.950865213800007,"ok",0.706521739130435,0.706521738639748,0.815954415954416,0.145554521890622,0.458747127563651,0.00000000352260375014361,0.800205724401093,"ok",-7.26741611653716,-5.42823605737588,0.606705288927472,0.789782832889336,"Descriptive 95% intervals; no subgroup interaction test and no multiplicity claim."
"risser","3",127,58,69,FALSE,TRUE,-4.88976377952756,-4.88976377952756,3.33580360921982,2.6534708713451,0.000000000000000562979234534331,-0.170591784193449,0.965112469255123,"ok",0.456692913385827,0.456692913353585,0.920414792603698,0.116936172189056,0.37066061694962,0.00000000147612717131991,1.75152258400317,"ok",-5.46992233994987,-4.30960521910525,0.372603607647035,0.543325180528015,"Descriptive 95% intervals; no subgroup interaction test and no multiplicity claim."
"risser","4",142,69,73,FALSE,TRUE,-3.92253521126761,-3.9225352112676,3.67769221037847,2.96281796237851,-0.000000000000000519146541092327,-0.830896400933776,0.78817362848726,"ok",0.485915492957746,0.485915493090293,0.804248560651181,0.181596177003445,0.537519619866565,-0.000000000814590770935183,0.855572816132423,"ok",-4.5274292419161,-3.31764118061911,0.405169873647722,0.56740308309349,"Descriptive 95% intervals; no subgroup interaction test and no multiplicity claim."
"risser","0",132,50,82,FALSE,TRUE,-2.96212121212121,-2.96212121212121,4.57574762623968,3.78808811233059,0.00000000000000100172395630952,0.383440687457524,1.12944800701891,"ok",0.378787878787879,0.378787878787985,0.784512195121951,0.172398471367901,0.522379109313933,0.000000000836973108473936,0.658486092063275,"ok",-3.74271158092668,-2.18153084331575,0.300569994108981,0.463861275417955,"Descriptive 95% intervals; no subgroup interaction test and no multiplicity claim."
"flexibilidade","flexivel",390,226,164,FALSE,TRUE,-5.43589743589744,-5.43589743589744,4.1204056540795,3.27630401570639,-0.00000000000000040451972256214,0.0469031816242438,1.00862841548748,"ok",0.57948717948718,0.579487179261711,0.862440643211742,0.149003877778222,0.455204894910341,0.00000000149007282434077,1.01284929946012,"ok",-5.84483382885274,-5.02696104294214,0.529952984610683,0.627470767032049,"Descriptive 95% intervals; no subgroup interaction test and no multiplicity claim."
"flexibilidade","rigido",225,91,134,FALSE,TRUE,-3.30222222222222,-3.30222222222222,4.15342452333922,3.29469182793726,0.000000000000000192438657601694,-0.0654226909801336,0.980188283350566,"ok",0.404444444444444,0.404444444526682,0.85082827620141,0.145487669246901,0.454139178912828,-0.000000000565202087523228,0.980926730125166,"ok",-3.84492638743891,-2.75951805700553,0.342440827983946,0.46965615731935,"Descriptive 95% intervals; no subgroup interaction test and no multiplicity claim."
"escoliometro_maior_10_graus","lombar",201,113,88,FALSE,TRUE,-5.77114427860696,-5.77114427860697,4.37616285240008,3.3077502869792,0.000000000000000219835205871051,-0.999379877217109,0.826831590240828,"ok",0.562189054726368,0.562189054565677,0.860619469026549,0.150584304199102,0.462867585339544,0.00000000000290251383233821,1.1428981592366,"ok",-6.37612778900455,-5.16616076820938,0.493073088153971,0.628972517964679,"Descriptive 95% intervals; no subgroup interaction test and no multiplicity claim."
"escoliometro_maior_10_graus","toracica",222,111,111,FALSE,TRUE,-4.33333333333333,-4.33333333333333,4.23477697178164,3.52170665104287,-0.000000000000000143528832462802,0.119750432204574,1.02763471512413,"ok",0.5,0.499999999843812,0.856342829315802,0.152546819525711,0.461389138321695,0.00000000115288187624455,0.864125840315102,"ok",-4.89039355362303,-3.77627311304364,0.434789690699899,0.565210309300101,"Descriptive 95% intervals; no subgroup interaction test and no multiplicity claim."
"escoliometro_maior_10_graus","normal",146,79,67,FALSE,TRUE,-4.72602739726027,-4.72602739726027,3.72902634183658,3.01311711895257,-0.00000000000000100984669637138,0.286963815341752,1.06071987976796,"ok",0.541095890410959,0.541095890289428,0.877668618930663,0.143776527023915,0.454186787918664,0.000000000659021669225778,1.04321952010829,"ok",-5.33090445751254,-4.12115033700801,0.460248724827229,0.619835919932936,"Descriptive 95% intervals; no subgroup interaction test and no multiplicity claim."
"escoliometro_maior_10_graus","toracica_lombar",46,14,32,FALSE,TRUE,-1.10869565217391,-1.10869565217391,3.73597489056742,2.879835735434,0.000000000000000559938568941383,0.338575337692378,1.3053816771343,"ok",0.304347826086957,0.304347826419281,0.883928571428571,0.124391867170436,0.389895214644127,-0.00000000234548789570319,1.25094106832087,"ok",-2.18832112761915,-0.0290701767286747,0.190798408027672,0.448056464484076,"Descriptive 95% intervals; no subgroup interaction test and no multiplicity claim."
