"scenario","model","metric","unit","evaluation_set","mean_across_repeats","minimum_across_repeats","maximum_across_repeats","n_repeats","n_repeats_available","interval_status"
"primary","linear","r2","proportion_or_slope","same_complete_test_folds_615_per_repeat",0.353324859414382,0.346534217248649,0.35868113852383,5,5,"range_across_repeats_not_confidence_interval"
"primary","linear","rmse","degrees_delta","same_complete_test_folds_615_per_repeat",4.30078373618162,4.28295714939345,4.3233276327997,5,5,"range_across_repeats_not_confidence_interval"
"primary","linear","mae","degrees_delta","same_complete_test_folds_615_per_repeat",3.41348814446142,3.39335155292513,3.4302194409463,5,5,"range_across_repeats_not_confidence_interval"
"primary","linear","mean_error","degrees_delta","same_complete_test_folds_615_per_repeat",-0.00480526945111242,-0.02882507964709,0.0204966031616583,5,5,"range_across_repeats_not_confidence_interval"
"primary","linear","calibration_intercept","degrees_delta","same_complete_test_folds_615_per_repeat",-0.306441906831735,-0.376692568452726,-0.271037681520893,5,5,"range_across_repeats_not_confidence_interval"
"primary","linear","calibration_slope","proportion_or_slope","same_complete_test_folds_615_per_repeat",0.93512765989291,0.924809135188394,0.942922326172937,5,5,"range_across_repeats_not_confidence_interval"
"influence_excluded_train_only","linear","r2","proportion_or_slope","same_complete_test_folds_615_per_repeat",0.33222892753707,0.328714147191478,0.340171130152736,5,5,"range_across_repeats_not_confidence_interval"
"influence_excluded_train_only","linear","rmse","degrees_delta","same_complete_test_folds_615_per_repeat",4.37037307131793,4.34432572214432,4.38187990102159,5,5,"range_across_repeats_not_confidence_interval"
"influence_excluded_train_only","linear","mae","degrees_delta","same_complete_test_folds_615_per_repeat",3.40295759431313,3.37346021473751,3.42358939036876,5,5,"range_across_repeats_not_confidence_interval"
"influence_excluded_train_only","linear","mean_error","degrees_delta","same_complete_test_folds_615_per_repeat",-0.189084597697733,-0.211290848718045,-0.168681787704272,5,5,"range_across_repeats_not_confidence_interval"
"influence_excluded_train_only","linear","calibration_intercept","degrees_delta","same_complete_test_folds_615_per_repeat",-0.590308559262831,-0.633065488625697,-0.548793478042578,5,5,"range_across_repeats_not_confidence_interval"
"influence_excluded_train_only","linear","calibration_slope","proportion_or_slope","same_complete_test_folds_615_per_repeat",0.910168388876054,0.902196852735656,0.916458057154227,5,5,"range_across_repeats_not_confidence_interval"
"hypercorrection_excluded_train_only","linear","r2","proportion_or_slope","same_complete_test_folds_615_per_repeat",0.352767257790962,0.346648384853832,0.357801485433264,5,5,"range_across_repeats_not_confidence_interval"
"hypercorrection_excluded_train_only","linear","rmse","degrees_delta","same_complete_test_folds_615_per_repeat",4.30264101973103,4.28589346211847,4.32294995003818,5,5,"range_across_repeats_not_confidence_interval"
"hypercorrection_excluded_train_only","linear","mae","degrees_delta","same_complete_test_folds_615_per_repeat",3.41723006650558,3.39659318234736,3.43261897530814,5,5,"range_across_repeats_not_confidence_interval"
"hypercorrection_excluded_train_only","linear","mean_error","degrees_delta","same_complete_test_folds_615_per_repeat",0.01102405920174,-0.0143982903080475,0.0356863674517938,5,5,"range_across_repeats_not_confidence_interval"
"hypercorrection_excluded_train_only","linear","calibration_intercept","degrees_delta","same_complete_test_folds_615_per_repeat",-0.348319102248908,-0.409546823722065,-0.317173175577351,5,5,"range_across_repeats_not_confidence_interval"
"hypercorrection_excluded_train_only","linear","calibration_slope","proportion_or_slope","same_complete_test_folds_615_per_repeat",0.922983448578968,0.914854941263316,0.930042872344414,5,5,"range_across_repeats_not_confidence_interval"
"cobb_baseline_augmented","linear","r2","proportion_or_slope","same_complete_test_folds_615_per_repeat",0.373777326849293,0.365587112898496,0.378149337998623,5,5,"range_across_repeats_not_confidence_interval"
"cobb_baseline_augmented","linear","rmse","degrees_delta","same_complete_test_folds_615_per_repeat",4.23222357230787,4.21744835765629,4.25983444662561,5,5,"range_across_repeats_not_confidence_interval"
"cobb_baseline_augmented","linear","mae","degrees_delta","same_complete_test_folds_615_per_repeat",3.39947318678282,3.3887116613937,3.42243569081845,5,5,"range_across_repeats_not_confidence_interval"
"cobb_baseline_augmented","linear","mean_error","degrees_delta","same_complete_test_folds_615_per_repeat",-0.0066005598718648,-0.0326486184816884,0.0171166966820506,5,5,"range_across_repeats_not_confidence_interval"
"cobb_baseline_augmented","linear","calibration_intercept","degrees_delta","same_complete_test_folds_615_per_repeat",-0.289833007759672,-0.370791522757119,-0.262842660342092,5,5,"range_across_repeats_not_confidence_interval"
"cobb_baseline_augmented","linear","calibration_slope","proportion_or_slope","same_complete_test_folds_615_per_repeat",0.939059253406014,0.926850630446204,0.944182327442849,5,5,"range_across_repeats_not_confidence_interval"
"training_mean_delta","linear","r2","proportion_or_slope","same_complete_test_folds_615_per_repeat",-0.00135284882062705,-0.00161218808022845,-0.000980310403386309,5,5,"range_across_repeats_not_confidence_interval"
"training_mean_delta","linear","rmse","degrees_delta","same_complete_test_folds_615_per_repeat",5.3518050924375,5.35080951058265,5.35249811705945,5,5,"range_across_repeats_not_confidence_interval"
"training_mean_delta","linear","mae","degrees_delta","same_complete_test_folds_615_per_repeat",4.25134163695123,4.25128054518206,4.25137626861899,5,5,"range_across_repeats_not_confidence_interval"
"training_mean_delta","linear","mean_error","degrees_delta","same_complete_test_folds_615_per_repeat",-0.00014618337738064,-0.000447243931605931,0.00020439052709342,5,5,"range_across_repeats_not_confidence_interval"
"training_mean_delta","linear","calibration_intercept","degrees_delta","same_complete_test_folds_615_per_repeat",-46.5445788267581,-46.9327299369962,-46.3922321750858,5,5,"range_across_repeats_not_confidence_interval"
"training_mean_delta","linear","calibration_slope","proportion_or_slope","same_complete_test_folds_615_per_repeat",-8.99850801048731,-9.08247540750575,-8.96590206575484,5,5,"range_across_repeats_not_confidence_interval"
"primary","logistic","auc","proportion_or_slope","same_complete_test_folds_615_per_repeat",0.845292486185506,0.84354159168378,0.84664323672009,5,5,"range_across_repeats_not_confidence_interval"
"primary","logistic","brier_score","squared_probability_error","same_complete_test_folds_615_per_repeat",0.160472941269273,0.159535203147901,0.161869711143344,5,5,"range_across_repeats_not_confidence_interval"
"primary","logistic","log_loss","logarithmic_score","same_complete_test_folds_615_per_repeat",0.489570095430497,0.487106935541436,0.492616661436503,5,5,"range_across_repeats_not_confidence_interval"
"primary","logistic","calibration_in_the_large","log_odds","same_complete_test_folds_615_per_repeat",0.00829719924572828,-0.00153229445134118,0.0191831341424274,5,5,"range_across_repeats_not_confidence_interval"
"primary","logistic","calibration_slope","proportion_or_slope","same_complete_test_folds_615_per_repeat",0.862727041104184,0.852692252892586,0.871131083239615,5,5,"range_across_repeats_not_confidence_interval"
"influence_excluded_train_only","logistic","auc","proportion_or_slope","same_complete_test_folds_615_per_repeat",0.836427921156818,0.832013634535177,0.838947346135117,5,5,"range_across_repeats_not_confidence_interval"
"influence_excluded_train_only","logistic","brier_score","squared_probability_error","same_complete_test_folds_615_per_repeat",0.177539535403993,0.172865454248984,0.180787921104413,5,5,"range_across_repeats_not_confidence_interval"
"influence_excluded_train_only","logistic","log_loss","logarithmic_score","same_complete_test_folds_615_per_repeat",0.766946588847229,0.747436479067559,0.814336667989504,5,5,"range_across_repeats_not_confidence_interval"
"influence_excluded_train_only","logistic","calibration_in_the_large","log_odds","same_complete_test_folds_615_per_repeat",0.0769193327587519,-0.0403894843125833,0.185497649246963,5,5,"range_across_repeats_not_confidence_interval"
"influence_excluded_train_only","logistic","calibration_slope","proportion_or_slope","same_complete_test_folds_615_per_repeat",0.302217966600156,0.280683677663865,0.310162322665854,5,5,"range_across_repeats_not_confidence_interval"
"hypercorrection_excluded_train_only","logistic","auc","proportion_or_slope","same_complete_test_folds_615_per_repeat",0.8452967205132,0.84354159168378,0.84664323672009,5,5,"range_across_repeats_not_confidence_interval"
"hypercorrection_excluded_train_only","logistic","brier_score","squared_probability_error","same_complete_test_folds_615_per_repeat",0.160472982281269,0.159535261292499,0.161869781946513,5,5,"range_across_repeats_not_confidence_interval"
"hypercorrection_excluded_train_only","logistic","log_loss","logarithmic_score","same_complete_test_folds_615_per_repeat",0.489570056268118,0.487106990607999,0.492616696357,5,5,"range_across_repeats_not_confidence_interval"
"hypercorrection_excluded_train_only","logistic","calibration_in_the_large","log_odds","same_complete_test_folds_615_per_repeat",0.00829874538054817,-0.00153051507865291,0.0191847229085023,5,5,"range_across_repeats_not_confidence_interval"
"hypercorrection_excluded_train_only","logistic","calibration_slope","proportion_or_slope","same_complete_test_folds_615_per_repeat",0.862734062844982,0.85269891970124,0.871138525368956,5,5,"range_across_repeats_not_confidence_interval"
"training_prevalence","logistic","auc","proportion_or_slope","same_complete_test_folds_615_per_repeat",0.498412127114517,0.498412127114517,0.498412127114517,5,5,"range_across_repeats_not_confidence_interval"
"training_prevalence","logistic","brier_score","squared_probability_error","same_complete_test_folds_615_per_repeat",0.249762740707275,0.249762740707275,0.249762740707275,5,5,"range_across_repeats_not_confidence_interval"
"training_prevalence","logistic","log_loss","logarithmic_score","same_complete_test_folds_615_per_repeat",0.692672588741323,0.692672588741323,0.692672588741323,5,5,"range_across_repeats_not_confidence_interval"
"training_prevalence","logistic","calibration_in_the_large","log_odds","same_complete_test_folds_615_per_repeat",0.00000196191825182149,0.00000196191825139274,0.00000196191825231551,5,5,"range_across_repeats_not_confidence_interval"
"training_prevalence","logistic","calibration_slope","proportion_or_slope","same_complete_test_folds_615_per_repeat",-9.07715308066576,-9.07715308070002,-9.0771530806151,5,5,"range_across_repeats_not_confidence_interval"
