"family","feature","variable","component","additional","n_models","selection_frequency","mean_coefficient","mean_abs_coefficient","median_coefficient","q025","q975","sign_consistency"
"continuous","cifose_toracica__linear","cifose_toracica","linear",FALSE,50,1,-0.126179846340683,0.126448464282555,-0.128855907408881,-0.16454495922433,-0.068007160796462,0.98
"logistic","cifose_toracica__linear","cifose_toracica","linear",FALSE,50,0.98,0.0737728874806482,0.0737728874806482,0.0778362684543633,0.023064369308226,0.0975542250523927,1
"continuous","cifose_toracica__spline_1","cifose_toracica","spline",TRUE,50,1,-1.81198010464649,1.81198010464649,-1.78769472619063,-1.96930716358992,-1.41131498720327,1
"logistic","cifose_toracica__spline_1","cifose_toracica","spline",TRUE,50,1,0.948004816389597,0.948004816389597,0.912235441811274,0.685888596522856,1.88126231084615,1
"continuous","cifose_toracica__spline_2","cifose_toracica","spline",TRUE,50,1,0.545275908538867,0.545275908538867,0.515409884955158,0.0629798921271991,1.42856584354338,1
"logistic","cifose_toracica__spline_2","cifose_toracica","spline",TRUE,50,1,0.206931474222968,0.228647265818573,0.209046302733654,-0.139754059595953,0.502439576530999,0.9
"continuous","cifose_toracica__spline_3","cifose_toracica","spline",TRUE,50,1,0.817830371220024,0.817830371220024,0.815164206680899,0.314911427236184,1.0806054100244,1
"logistic","cifose_toracica__spline_3","cifose_toracica","spline",TRUE,50,1,-0.616517315431876,0.616517315431876,-0.598010638473921,-0.889339783243919,-0.428354533436101,1
"continuous","cobb_inicial_maior__linear","cobb_inicial_maior","linear",TRUE,50,1,-0.29936422723585,0.29936422723585,-0.297064743658844,-0.346233272041553,-0.260375317542015,1
"logistic","cobb_inicial_maior__linear","cobb_inicial_maior","linear",TRUE,50,1,0.145511880426491,0.145511880426491,0.135862971770739,0.110539630650903,0.301486341193642,1
"continuous","cobb_inicial_maior__spline_1","cobb_inicial_maior","spline",TRUE,50,1,0.601729973814199,0.601729973814199,0.621922683831136,0.306600970130465,0.842554607144173,1
"logistic","cobb_inicial_maior__spline_1","cobb_inicial_maior","spline",TRUE,50,0.96,0.0545943569656577,0.0662971074741197,0.0460066998139661,-0.049067411643626,0.177761711235391,0.791666666666667
"continuous","cobb_inicial_maior__spline_2","cobb_inicial_maior","spline",TRUE,50,1,-1.97153689464735,1.97153689464735,-1.96815270756443,-2.77437649318491,-1.26542310897981,1
"logistic","cobb_inicial_maior__spline_2","cobb_inicial_maior","spline",TRUE,50,1,0.417371264456695,0.419123213992542,0.433826917477718,-0.00917111689475853,0.839679298543837,0.96
"continuous","cobb_inicial_maior__spline_3","cobb_inicial_maior","spline",TRUE,50,1,-1.09280717378246,1.09280717378246,-1.08627789601186,-1.33625115117858,-0.88459671198393,1
"logistic","cobb_inicial_maior__spline_3","cobb_inicial_maior","spline",TRUE,50,1,0.409195171150035,0.409195171150035,0.40857355375363,0.278921416298547,0.509728189182728,1
"continuous","correcao_colete__linear","correcao_colete","linear",FALSE,50,1,-0.704167210638736,0.704167210638736,-0.70075938091191,-0.731346893385716,-0.668174759657018,1
"logistic","correcao_colete__linear","correcao_colete","linear",FALSE,50,1,0.399431070493093,0.399431070493093,0.366518351314028,0.357454456653856,0.840083810700317,1
"continuous","correcao_colete__spline_1","correcao_colete","spline",TRUE,50,1,-3.27095786986264,3.27095786986264,-3.22164423374227,-3.52788948829471,-3.05935136089539,1
"logistic","correcao_colete__spline_1","correcao_colete","spline",TRUE,50,1,1.48879856786869,1.48879856786869,1.52275655876591,0.859762638778175,1.62370861566308,1
"continuous","correcao_colete__spline_2","correcao_colete","spline",TRUE,50,1,-0.400884738058392,0.444442504378468,-0.38387613254191,-0.961381774278308,0.214456373590653,0.92
"logistic","correcao_colete__spline_2","correcao_colete","spline",TRUE,50,0.98,0.163496347999888,0.19683048277815,0.109872413446229,-0.154104057240159,1.07064048891884,0.857142857142857
"continuous","correcao_colete__spline_3","correcao_colete","spline",TRUE,50,1,-1.34983531616424,1.34983531616424,-1.36817806544722,-1.70839476196238,-0.934775970025241,1
"logistic","correcao_colete__spline_3","correcao_colete","spline",TRUE,50,1,1.00869948783594,1.00869948783594,0.966781599143939,0.860618896385832,1.70097208207401,1
"continuous","correcao_colete_x_flexibilidade__rigido","correcao_colete_x_flexibilidade","interaction",TRUE,50,1,-0.540713146509865,0.540713146509865,-0.543725133013182,-0.660611215731821,-0.408521619902773,1
"logistic","correcao_colete_x_flexibilidade__rigido","correcao_colete_x_flexibilidade","interaction",TRUE,50,1,0.491592080424573,0.491592080424573,0.489576093365317,0.442611379681192,0.550159050764095,1
"continuous","correcao_colete_x_lenke__2","correcao_colete_x_lenke","interaction",TRUE,50,1,-1.49475716972732,1.49475716972732,-1.43382605582427,-2.00085174341305,-1.25188942937252,1
"logistic","correcao_colete_x_lenke__2","correcao_colete_x_lenke","interaction",TRUE,50,1,0.257222092148412,0.257222092148412,0.241575924797537,0.145818124591125,0.353924884908285,1
"continuous","correcao_colete_x_lenke__3","correcao_colete_x_lenke","interaction",TRUE,50,1,-0.367846490858958,0.367846490858958,-0.370955774932547,-0.476944043474699,-0.285009441066124,1
"logistic","correcao_colete_x_lenke__3","correcao_colete_x_lenke","interaction",TRUE,50,1,0.261697917877548,0.261697917877548,0.265774767846247,0.164114581166269,0.353974122355568,1
"continuous","correcao_colete_x_lenke__4","correcao_colete_x_lenke","interaction",TRUE,50,1,-1.00082216919229,1.00082216919229,-0.993027609283428,-1.2702872777317,-0.756545618633122,1
"logistic","correcao_colete_x_lenke__4","correcao_colete_x_lenke","interaction",TRUE,50,1,0.492977718082182,0.492977718082182,0.487051258190679,0.403303030308968,0.630943754335336,1
"continuous","correcao_colete_x_lenke__5","correcao_colete_x_lenke","interaction",TRUE,50,1,-0.994497597332658,0.994497597332658,-0.980095368425189,-1.30980115880601,-0.742401870587623,1
"logistic","correcao_colete_x_lenke__5","correcao_colete_x_lenke","interaction",TRUE,50,1,0.390252319048785,0.390252319048785,0.368532396399721,0.289744598652994,0.798199453344132,1
"continuous","correcao_colete_x_lenke__6","correcao_colete_x_lenke","interaction",TRUE,50,1,-0.417555321768096,0.417555321768096,-0.420443407473994,-0.503784366384903,-0.277222603236198,1
"logistic","correcao_colete_x_lenke__6","correcao_colete_x_lenke","interaction",TRUE,50,1,0.421836213225122,0.421836213225122,0.411473659332837,0.382048819033053,0.522565517428088,1
"continuous","escoliometro_maior_10_graus__dummy_lombar","escoliometro_maior_10_graus","dummy",FALSE,50,1,-0.310563011506601,0.310563011506601,-0.32573643183209,-0.419552696100682,-0.141073442982739,1
"logistic","escoliometro_maior_10_graus__dummy_lombar","escoliometro_maior_10_graus","dummy",FALSE,50,0.98,-0.035127908427185,0.0447154842535101,-0.0262541621132224,-0.142039021612368,0.0349218452628396,0.755102040816326
"continuous","escoliometro_maior_10_graus__dummy_toracica","escoliometro_maior_10_graus","dummy",FALSE,50,1,-0.0192039738684494,0.0560798254760171,-0.0111838038075671,-0.150290416123878,0.126949100065678,0.6
"logistic","escoliometro_maior_10_graus__dummy_toracica","escoliometro_maior_10_graus","dummy",FALSE,50,0.98,0.0227536378262886,0.0377028759776527,0.0255959613244449,-0.0602270572140994,0.0908861530280619,0.775510204081633
"continuous","escoliometro_maior_10_graus__dummy_toracica_lombar","escoliometro_maior_10_graus","dummy",FALSE,50,1,2.1790137327282,2.1790137327282,2.16021884220421,1.80871613373367,2.53123121263283,1
"logistic","escoliometro_maior_10_graus__dummy_toracica_lombar","escoliometro_maior_10_graus","dummy",FALSE,50,1,-0.777064688932001,0.777064688932001,-0.737449890859709,-1.24620765803267,-0.606906479376319,1
"continuous","flexibilidade__dummy_rigido","flexibilidade","dummy",FALSE,50,1,0.7709114542144,0.7709114542144,0.769301799284913,0.626923898652703,0.902629064411921,1
"logistic","flexibilidade__dummy_rigido","flexibilidade","dummy",FALSE,50,1,-0.318690296748048,0.318690296748048,-0.3104375864323,-0.537428100856944,-0.225519753940704,1
"continuous","idade__linear","idade","linear",FALSE,50,1,-0.0505551242425789,0.0547494170541797,-0.0513505962092533,-0.115101298554215,-0.00879997416083265,0.98
"logistic","idade__linear","idade","linear",FALSE,50,0.98,0.0321353618786152,0.0338608045509426,0.0332909459786713,0.000855606559438113,0.0622747752209651,0.979591836734694
"continuous","idade__spline_1","idade","spline",TRUE,50,1,-0.861209986167873,0.861209986167873,-0.845115200202983,-1.06944197617333,-0.677062428498258,1
"logistic","idade__spline_1","idade","spline",TRUE,50,0.96,0.318929163191487,0.318929163191487,0.339673196433806,0.0295815974682542,0.461567814104878,1
"continuous","idade__spline_2","idade","spline",TRUE,50,1,-0.91950779729139,0.91950779729139,-0.916705711386564,-1.4166121907349,-0.498488296679065,1
"logistic","idade__spline_2","idade","spline",TRUE,50,1,0.407845708272218,0.407845708272218,0.420457732387982,0.192030236958744,0.62354999528278,1
"continuous","idade__spline_3","idade","spline",TRUE,50,1,0.765322293592963,0.765322293592963,0.79320046273477,0.401865500608896,0.952223555526885,1
"logistic","idade__spline_3","idade","spline",TRUE,50,0.98,-0.241508064871196,0.241508064871196,-0.248236946467114,-0.387636372475059,-0.0769299319993407,1
"continuous","idade_x_risser__1","idade_x_risser","interaction",TRUE,50,1,0.585314900926755,0.585314900926755,0.572399015866695,0.383092452092631,0.77421980540294,1
"logistic","idade_x_risser__1","idade_x_risser","interaction",TRUE,50,1,0.00841034909725231,0.0499795789513383,-0.00217459019802765,-0.0880998580674345,0.140106806228796,0.52
"continuous","idade_x_risser__2","idade_x_risser","interaction",TRUE,50,1,-0.127327277916024,0.155107146412555,-0.133315090270035,-0.452619192119584,0.114134027051229,0.8
"logistic","idade_x_risser__2","idade_x_risser","interaction",TRUE,50,0.98,0.00622446147022514,0.0581464062778175,-0.00785232794027333,-0.135691774329841,0.174423561384595,0.530612244897959
"continuous","idade_x_risser__3","idade_x_risser","interaction",TRUE,50,1,-0.000927767967660516,0.0502707474780775,0.0153374776044389,-0.13460220129884,0.106812922484002,0.58
"logistic","idade_x_risser__3","idade_x_risser","interaction",TRUE,50,0.98,-0.012287303253987,0.0394627178389378,-0.00786529366665726,-0.0943031615817992,0.0919654580603941,0.591836734693878
"continuous","idade_x_risser__4","idade_x_risser","interaction",TRUE,50,1,0.0964102759658899,0.100710194835469,0.100965977366617,-0.00232352193627084,0.191005277487268,0.96
"logistic","idade_x_risser__4","idade_x_risser","interaction",TRUE,50,1,-0.133357875303622,0.133357875303622,-0.124918547393044,-0.298698621139223,-0.0585826943137923,1
"continuous","imc__linear","imc","linear",FALSE,50,1,-0.0239008813322316,0.0305802850938266,-0.0246823975882256,-0.079613558751818,0.031724399457465,0.78
"logistic","imc__linear","imc","linear",FALSE,50,0.98,0.042369281089775,0.042369281089775,0.0425339664488189,0.0125871141350311,0.0700739638497064,1
"continuous","imc__spline_1","imc","spline",TRUE,50,1,0.525981526308192,0.525981526308192,0.51573880586766,0.217417345282742,0.764134135410502,1
"logistic","imc__spline_1","imc","spline",TRUE,50,1,-0.165299273351027,0.168667731003798,-0.154811611553402,-0.32174760281166,0.0209201294603785,0.96
"continuous","imc__spline_2","imc","spline",TRUE,50,1,-0.509278563654257,0.518231961162974,-0.528712311994707,-1.10165025799995,0.056306359219359,0.94
"logistic","imc__spline_2","imc","spline",TRUE,50,0.96,-0.0127799703585832,0.139713968870356,-0.00728923766095753,-0.366237201646929,0.316932001081123,0.541666666666667
"continuous","imc__spline_3","imc","spline",TRUE,50,1,-0.622656664044363,0.628482298324997,-0.62888576512313,-0.993616310790909,-0.0447146096213136,0.98
"logistic","imc__spline_3","imc","spline",TRUE,50,1,0.690910622763499,0.690910622763499,0.688463649558934,0.327307914108512,1.15318336494557,1
"continuous","lenke__dummy_2","lenke","dummy",FALSE,50,1,-1.01203744942888,1.02801563137074,-1.03601646538334,-1.52388433096955,-0.63720961330264,0.98
"logistic","lenke__dummy_2","lenke","dummy",FALSE,50,0.98,0.216687881739828,0.23189014846127,0.22494939244006,-0.0424941963648429,0.445496461235842,0.938775510204082
"continuous","lenke__dummy_3","lenke","dummy",FALSE,50,1,1.14254679082016,1.14254679082016,1.12860751861075,0.964985442516679,1.34723927691073,1
"logistic","lenke__dummy_3","lenke","dummy",FALSE,50,1,-0.426149487216991,0.426149487216991,-0.393217083684156,-0.995636354570004,-0.304498336335072,1
"continuous","lenke__dummy_4","lenke","dummy",FALSE,50,1,1.41855348933071,1.41855348933071,1.36033358134934,1.19274532537273,1.66157958148075,1
"logistic","lenke__dummy_4","lenke","dummy",FALSE,50,1,-0.548527186950869,0.548527186950869,-0.503816544624159,-1.24083608188546,-0.365627732488741,1
"continuous","lenke__dummy_5","lenke","dummy",FALSE,50,1,-0.985126744030025,0.985126744030025,-0.969495010222531,-1.31665398087014,-0.718071400043026,1
"logistic","lenke__dummy_5","lenke","dummy",FALSE,50,1,0.369102901204898,0.369102901204898,0.357522081173671,0.239830951324512,0.570863128241441,1
"continuous","lenke__dummy_6","lenke","dummy",FALSE,50,1,0.0846880600880184,0.0994224350710506,0.0692335806813021,-0.0518304537592058,0.208948874170149,0.82
"logistic","lenke__dummy_6","lenke","dummy",FALSE,50,1,-0.16427785556585,0.16427785556585,-0.132535370769067,-0.679124712489452,-0.0625968369751322,1
"continuous","lordose_lombar__linear","lordose_lombar","linear",FALSE,50,1,-0.140106135462729,0.140106135462729,-0.13842748472842,-0.190777558292414,-0.0988195902533845,1
"logistic","lordose_lombar__linear","lordose_lombar","linear",FALSE,50,0.98,0.0261159185733894,0.0274470320050999,0.0248499412716284,-0.00516832182639005,0.0732132707567707,0.897959183673469
"continuous","lordose_lombar__spline_1","lordose_lombar","spline",TRUE,50,1,0.121751307778355,0.15159017826893,0.136807115557965,-0.14849624449862,0.312973026614074,0.84
"logistic","lordose_lombar__spline_1","lordose_lombar","spline",TRUE,50,1,-0.337667410442133,0.337667410442133,-0.330785309433458,-0.456456087262031,-0.170119212297564,1
"continuous","lordose_lombar__spline_2","lordose_lombar","spline",TRUE,50,1,-2.70691681272533,2.70691681272533,-2.68826776423013,-3.2773863071939,-1.7861653280553,1
"logistic","lordose_lombar__spline_2","lordose_lombar","spline",TRUE,50,1,1.71336976945176,1.71336976945176,1.61301517981874,1.25947495596397,3.27112221265534,1
"continuous","lordose_lombar__spline_3","lordose_lombar","spline",TRUE,50,1,-0.0630278780344504,0.111922735751624,-0.0716994159180692,-0.29125717456773,0.194038741009121,0.68
"logistic","lordose_lombar__spline_3","lordose_lombar","spline",TRUE,50,1,-0.00428892232340476,0.0718708078610892,-0.00880851533799945,-0.201176801513796,0.294353713767577,0.6
"continuous","risser__dummy_1","risser","dummy",FALSE,50,1,-0.921472859164475,0.921472859164475,-0.920236583098552,-1.14058800815618,-0.70320997999042,1
"logistic","risser__dummy_1","risser","dummy",FALSE,50,1,0.782465400635798,0.782465400635798,0.736525107899008,0.634435439364578,1.59569484189256,1
"continuous","risser__dummy_2","risser","dummy",FALSE,50,1,-0.608641972728021,0.608641972728021,-0.597263303628928,-0.795328509910147,-0.3848645027982,1
"logistic","risser__dummy_2","risser","dummy",FALSE,50,1,0.249761318097599,0.249761318097599,0.229868055727428,0.144603006993949,0.638066612695558,1
"continuous","risser__dummy_3","risser","dummy",FALSE,50,1,-0.193748478660565,0.193748478660565,-0.184594781269383,-0.32778245458457,-0.0538653138139668,1
"logistic","risser__dummy_3","risser","dummy",FALSE,50,0.98,-0.1680552731881,0.171616447723956,-0.181209289761942,-0.259661240964408,-0.0136173859901112,0.979591836734694
"continuous","risser__dummy_4","risser","dummy",FALSE,50,1,-0.0226950401341654,0.0725839661431002,-0.0104287642718165,-0.144622074339333,0.129050123643614,0.58
"logistic","risser__dummy_4","risser","dummy",FALSE,50,1,0.162865945758841,0.163035804637176,0.125121569309309,0.0365183725847546,0.731458590119771,0.98
"continuous","sexo__dummy_masculino","sexo","dummy",FALSE,50,1,-0.617779072635422,0.617779072635422,-0.606039563348443,-0.921656946693552,-0.381662188431342,1
"logistic","sexo__dummy_masculino","sexo","dummy",FALSE,50,1,0.631485567732337,0.631485567732337,0.596220163780172,0.470241250249258,1.1636525343759,1
